Id,Type,TierId,chargedTierId,Pump,ArrT,ChargT,EArrT,resEarliestArrT,DeadlT,resDeadlT,actStartChargeT,resStartChargeT,actComplT,resComplT
1,RW,1,1,1,0.0,[214.95, 214.95, 214.95],24.42,-421.73,634.78,213.05,440.68,-5.47,655.63,-5.13
2,RR,2,2,22,6.0,[272.56, 136.28, 136.28],21.43,-1.55,485.81,484.26,27.43,-1.55,163.71,-4.77
3,RR,1,1,1,6.98,[227.05, 227.05, 227.05],8.49,-1.35,629.07,627.72,15.47,-1.35,242.52,-18.89
4,RR,2,2,22,9.03,[293.35, 146.67, 146.67],28.18,-255.83,518.09,262.26,292.24,-0.8,438.91,-0.25
5,RW,1,1,1,9.44,[198.16, 198.16, 198.16],6.47,-245.5,719.22,473.72,242.52,-18.89,440.68,-5.47
6,RR,3,3,32,9.79,[1177.47, 588.73, 32.38],20.75,-4.35,292.78,288.43,30.54,-4.35,62.92,-0.91
7,RR,1,1,2,14.15,[203.41, 203.41, 203.41],19.76,-0.98,596.72,595.74,33.91,-0.98,237.32,-0.62
8,RR,2,2,22,15.43,[257.06, 128.53, 128.53],20.1,-132.95,549.37,416.42,163.71,-4.77,292.24,-0.8
9,RW,1,1,2,16.82,[211.33, 211.33, 211.33],17.23,-203.89,591.22,387.33,237.32,-0.62,448.65,-3.9
10,RR,2,2,22,21.74,[304.98, 152.49, 152.49],19.91,-397.51,585.07,187.56,438.91,-0.25,591.4,-2.96
11,RR,3,3,32,24.0,[1205.24, 602.62, 33.14],19.61,-50.02,269.09,219.07,91.93,-1.7,125.07,-20.56
12,RR,1,1,2,28.98,[199.19, 199.19, 199.19],16.26,-407.31,715.34,308.03,448.65,-3.9,647.84,-5.54
13,RR,2,2,23,30.3,[257.55, 128.78, 128.78],13.65,-8.53,576.61,568.08,43.95,-8.53,172.73,-0.06
14,RW,1,1,3,34.89,[204.95, 204.95, 204.95],21.4,-5.34,628.02,622.68,56.29,-5.34,261.24,-0.17
15,RR,3,3,32,41.66,[1054.92, 527.46, 29.01],6.48,-15.69,289.76,274.07,62.92,-0.91,91.93,-1.7
16,RR,1,1,3,52.48,[178.93, 178.93, 178.93],25.2,-374.87,717.87,343.0,451.1,-1.45,630.03,-3.94
17,RR,2,2,23,61.63,[279.64, 139.82, 139.82],11.42,-393.63,574.72,181.09,466.6,-0.08,606.42,-2.84
18,RW,1,1,3,63.83,[189.86, 189.86, 189.86],23.71,-173.87,597.47,423.6,261.24,-0.17,451.1,-1.45
19,RR,2,2,23,65.85,[282.23, 141.12, 141.12],13.32,-93.62,595.82,502.2,172.73,-0.06,313.85,-0.52
20,RR,1,1,4,71.06,[206.09, 206.09, 206.09],15.79,-0.26,707.89,707.63,86.85,-0.26,292.94,-0.1
21,RR,3,3,32,75.82,[1263.57, 631.78, 34.75],17.04,-198.29,258.38,60.09,289.48,-1.67,324.23,-4.94
22,RW,2,2,23,78.42,[305.51, 152.75, 152.75],24.97,-210.98,564.81,353.83,313.85,-0.52,466.6,-0.08
23,RR,1,1,4,87.11,[228.09, 228.09, 228.09],14.73,-191.2,581.08,389.88,292.94,-0.1,521.03,-9.05
24,RR,3,3,32,87.52,[1245.59, 622.79, 34.25],9.89,-164.0,252.14,88.14,255.23,-6.18,289.48,-1.67
25,RR,1,1,5,93.63,[210.6, 210.6, 210.6],13.09,-11.62,637.43,625.81,106.72,-11.62,317.32,-3.82
26,RR,2,2,24,95.99,[312.95, 156.47, 156.47],7.87,-0.79,583.03,582.24,103.86,-0.79,260.33,-1.08
27,RW,1,1,5,96.62,[191.13, 191.13, 191.13],18.56,-414.9,604.89,189.99,512.48,-17.6,703.61,-15.0
28,RR,2,2,24,100.74,[281.61, 140.81, 140.81],12.68,-278.41,552.27,273.86,390.64,-1.19,531.45,-4.52
29,RR,1,1,5,101.62,[195.16, 195.16, 195.16],9.32,-210.2,608.42,398.22,317.32,-3.82,512.48,-17.6
30,RR,3,3,32,104.65,[1138.67, 569.33, 31.31],18.42,-22.56,271.41,248.85,125.07,-20.56,156.38,-2.9
31,RW,2,2,24,118.34,[260.63, 130.31, 130.31],29.47,-113.6,535.82,422.22,260.33,-1.08,390.64,-1.19
32,RR,1,1,4,119.87,[199.76, 199.76, 199.76],18.05,-392.16,666.87,274.71,521.03,-9.05,720.79,-0.08
33,RR,3,3,32,120.82,[1247.05, 623.52, 34.29],21.81,-16.65,262.39,245.74,156.38,-2.9,190.67,-2.04
34,RR,1,1,3,121.4,[197.23, 197.23, 197.23],26.11,-486.46,718.16,231.7,630.03,-3.94,827.26,-2.77
35,RW,2,2,25,145.63,[312.49, 156.25, 156.25],21.97,-0.88,499.21,498.33,167.6,-0.88,323.85,-5.32
36,RR,1,1,6,145.66,[200.23, 200.23, 200.23],26.57,-449.83,689.6,239.77,616.56,-5.5,816.79,-8.0
37,RR,2,2,24,145.85,[318.92, 159.46, 159.46],17.99,-372.13,556.79,184.66,531.45,-4.52,690.91,-0.27
38,RR,1,1,6,146.51,[221.44, 221.44, 221.44],27.85,-222.3,606.24,383.94,395.12,-1.54,616.56,-5.5
39,RR,3,3,32,149.47,[1304.07, 652.04, 35.86],10.44,-70.96,275.28,204.32,219.37,-11.5,255.23,-6.18
40,RW,1,1,6,154.15,[227.42, 227.42, 227.42],13.55,-0.78,586.63,585.85,167.7,-0.78,395.12,-1.54
41,RR,2,2,25,159.28,[318.58, 159.29, 159.29],14.81,-294.87,576.62,281.75,468.09,-0.87,627.38,-6.59
42,RR,3,3,32,160.14,[1302.98, 651.49, 35.83],8.3,-195.37,280.16,84.79,360.62,-3.19,396.45,-0.21
43,RR,1,1,7,161.24,[192.83, 192.83, 192.83],28.63,-404.49,623.3,218.81,592.99,-1.37,785.82,-1.39
44,RW,2,2,25,168.48,[288.48, 144.24, 144.24],9.79,-150.9,513.54,362.64,323.85,-5.32,468.09,-0.87
45,RR,1,1,7,168.95,[192.34, 192.34, 192.34],17.66,-218.42,645.3,426.88,400.65,-4.38,592.99,-1.37
46,RR,2,2,26,172.31,[298.21, 149.1, 149.1],19.05,-292.37,508.54,216.17,481.92,-1.81,631.02,-2.95
47,RR,1,1,7,172.71,[221.86, 221.86, 221.86],6.08,-0.96,677.1,676.14,178.79,-0.96,400.65,-4.38
48,RW,3,3,32,172.79,[1043.57, 521.79, 28.7],7.32,-12.6,274.7,262.1,190.67,-2.04,219.37,-11.5
49,RR,1,1,8,174.65,[208.06, 208.06, 208.06],12.48,-1.34,625.76,624.42,187.13,-1.34,395.19,-1.47
50,RR,2,2,26,175.73,[306.37, 153.19, 153.19],14.15,-2.83,551.62,548.79,189.88,-2.83,343.07,-0.09
51,RR,3,3,32,175.82,[1323.44, 661.72, 36.39],29.1,-124.25,293.74,169.49,324.23,-4.94,360.62,-3.19
52,RR,1,1,1,179.75,[214.68, 214.68, 214.68],27.75,-453.26,704.07,250.81,655.63,-5.13,870.31,-6.27
53,RW,2,2,26,181.66,[277.7, 138.85, 138.85],23.64,-137.86,513.99,376.13,343.07,-0.09,481.92,-1.81
54,RR,1,1,2,184.85,[207.14, 207.14, 207.14],29.44,-439.09,674.5,235.41,647.84,-5.54,854.98,-2.25
55,RR,2,2,27,188.47,[286.98, 143.49, 143.49],23.63,-1.49,509.77,508.28,212.1,-1.49,355.59,-0.66
56,RR,1,1,8,189.76,[208.66, 208.66, 208.66],15.83,-191.07,652.65,461.58,395.19,-1.47,603.85,-5.41
57,RW,3,3,32,192.71,[1061.98, 530.99, 29.2],25.02,-248.95,296.39,47.44,466.09,-0.59,495.29,-0.01
58,RR,1,1,8,198.99,[218.43, 218.43, 218.43],18.27,-392.0,673.54,281.54,603.85,-5.41,822.28,-2.51
59,RR,2,2,27,204.25,[305.84, 152.92, 152.92],22.66,-129.34,503.36,374.02,355.59,-0.66,508.51,-21.57
60,RR,1,1,9,204.29,[204.08, 204.08, 204.08],20.42,-389.67,671.76,282.09,612.3,-2.08,816.38,-0.25
61,RW,2,2,27,209.65,[282.69, 141.34, 141.34],16.78,-303.65,502.1,198.45,508.51,-21.57,649.85,-3.53
62,RR,3,3,32,213.59,[1279.16, 639.58, 35.18],6.09,-176.98,240.8,63.82,396.45,-0.21,431.63,-0.98
63,RR,1,1,9,215.52,[185.94, 185.94, 185.94],5.55,-9.8,629.75,619.95,221.07,-9.8,407.01,-1.76
64,RR,2,2,28,230.87,[293.89, 146.94, 146.94],25.76,-4.78,480.99,476.21,256.63,-4.78,403.57,-1.46
65,RR,1,1,4,234.87,[186.28, 186.28, 186.28],5.42,-480.58,717.38,236.8,720.79,-0.08,907.07,-6.64
66,RW,3,3,32,237.04,[1253.15, 626.57, 34.46],26.34,-169.23,296.45,127.22,431.63,-0.98,466.09,-0.59
67,RR,1,1,9,237.94,[205.29, 205.29, 205.29],21.85,-148.98,632.13,483.15,407.01,-1.76,612.3,-2.08
68,RR,2,2,22,241.09,[259.43, 129.71, 129.71],20.16,-333.11,522.44,189.33,591.4,-2.96,721.11,-2.9
69,RR,1,1,10,261.41,[193.08, 193.08, 193.08],24.51,-5.23,601.61,596.38,285.92,-5.23,479.0,-4.73
70,RW,2,2,23,262.76,[293.16, 146.58, 146.58],25.17,-321.33,493.24,171.91,606.42,-2.84,753.0,-15.65
71,RR,3,3,32,262.92,[1102.48, 551.24, 30.32],12.15,-220.23,284.65,64.42,495.29,-0.01,525.61,-4.47
72,RR,1,1,10,264.28,[212.9, 212.9, 212.9],14.91,-408.39,627.59,219.2,687.25,-0.33,900.15,-2.31
73,RR,2,2,25,266.64,[321.31, 160.65, 160.65],8.67,-358.66,562.84,204.18,627.38,-6.59,788.03,-10.0
74,RW,1,1,5,267.42,[216.77, 216.77, 216.77],22.62,-428.57,676.41,247.84,703.61,-15.0,920.38,-9.38
75,RR,3,3,31,272.06,[1307.47, 653.73, 35.96],13.25,-5.84,264.95,259.11,285.31,-5.84,321.27,-1.36
76,RR,1,1,10,274.41,[208.25, 208.25, 208.25],25.74,-183.58,593.75,410.17,479.0,-4.73,687.25,-0.33
77,RR,2,2,26,275.39,[281.78, 140.89, 140.89],8.24,-350.34,553.7,203.36,631.02,-2.95,771.91,-6.64
78,RR,1,1,11,278.99,[223.81, 223.81, 223.81],17.5,-1.49,656.9,655.41,296.49,-1.49,520.3,-9.78
79,RW,2,2,27,279.67,[323.89, 161.94, 161.94],10.49,-363.22,553.27,190.05,649.85,-3.53,811.79,-4.84
80,RR,1,1,11,291.15,[225.84, 225.84, 225.84],29.37,-209.56,584.44,374.88,520.3,-9.78,746.14,-0.16
81,RR,3,3,32,293.04,[1098.1, 549.05, 30.2],7.21,-229.83,284.07,54.24,525.61,-4.47,555.81,-0.93
82,RR,2,2,22,294.51,[310.48, 155.24, 155.24],23.72,-405.78,593.18,187.4,721.11,-2.9,876.35,-0.23
83,RW,1,1,12,297.98,[180.0, 180.0, 180.0],24.43,-0.22,599.92,599.7,322.41,-0.22,502.41,-0.01
84,RR,3,3,31,298.22,[1199.02, 599.51, 32.97],7.68,-16.73,271.93,255.2,321.27,-1.36,354.24,-2.01
85,RR,1,1,7,298.54,[221.68, 221.68, 221.68],6.86,-481.81,712.87,231.06,785.82,-1.39,1007.5,-8.3
86,RR,2,2,28,307.22,[308.34, 154.17, 154.17],25.42,-347.27,502.67,155.4,678.02,-1.89,832.19,-1.16
87,RW,1,1,12,308.77,[224.23, 224.23, 224.23],19.52,-174.13,593.12,418.99,502.41,-0.01,726.64,-6.23
88,RR,2,2,24,314.37,[310.24, 155.12, 155.12],16.97,-359.84,576.55,216.71,690.91,-0.27,846.03,-3.92
89,RR,1,1,12,314.95,[182.67, 182.67, 182.67],12.61,-405.31,591.81,186.5,726.64,-6.23,909.31,-4.4
90,RR,3,3,31,315.21,[1054.64, 527.32, 29.0],13.5,-27.54,241.18,213.64,354.24,-2.01,383.24,-0.37
91,RR,2,2,23,321.14,[263.23, 131.62, 131.62],22.3,-425.21,591.69,166.48,753.0,-15.65,884.62,-4.42
92,RW,1,1,11,322.63,[196.76, 196.76, 196.76],19.78,-403.89,683.83,279.94,746.14,-0.16,942.9,-4.02
93,RR,3,3,32,329.17,[1160.42, 580.21, 31.91],11.61,-248.96,285.14,36.18,587.92,-1.82,619.83,-2.23
94,RR,1,1,2,340.07,[179.94, 179.94, 179.94],15.92,-501.24,695.4,194.16,854.98,-2.25,1034.92,-1.02
95,RR,2,2,26,343.16,[310.33, 155.16, 155.16],11.48,-423.91,585.06,161.15,771.91,-6.64,927.07,-2.69
96,RW,1,1,6,343.46,[222.87, 222.87, 222.87],16.9,-464.43,699.14,234.71,816.79,-8.0,1039.66,-4.77
97,RR,2,2,28,347.94,[281.97, 140.99, 140.99],28.55,-28.54,511.74,483.2,403.57,-1.46,544.56,-5.91
98,RR,1,1,9,347.99,[181.59, 181.59, 181.59],9.4,-459.24,650.74,191.5,816.38,-0.25,997.97,-1.14
99,RR,3,3,32,348.07,[1167.53, 583.77, 32.11],17.58,-191.09,245.15,54.06,555.81,-0.93,587.92,-1.82
100,RW,1,1,13,349.47,[179.01, 179.01, 179.01],16.88,-0.26,579.07,578.81,366.35,-0.26,545.36,-5.11
101,RR,2,2,25,349.54,[267.31, 133.65, 133.65],22.18,-426.31,593.32,167.01,788.03,-10.0,921.68,-8.08
102,RR,3,3,31,350.3,[1269.38, 634.69, 34.91],24.98,-8.33,262.15,253.82,383.24,-0.37,418.15,-1.35
103,RR,1,1,3,356.25,[187.18, 187.18, 187.18],19.5,-454.28,685.48,231.2,827.26,-2.77,1014.44,-1.36
104,RR,2,2,28,363.81,[266.92, 133.46, 133.46],5.7,-180.96,555.32,374.36,544.56,-5.91,678.02,-1.89
105,RW,1,1,13,364.66,[220.53, 220.53, 220.53],10.04,-371.02,644.44,273.42,741.79,-3.93,962.32,-0.59
106,RR,3,3,31,366.61,[1088.33, 544.17, 29.93],9.87,-43.02,266.55,223.53,418.15,-1.35,448.08,-4.47
107,RR,1,1,13,372.44,[196.43, 196.43, 196.43],25.56,-152.47,580.46,427.99,545.36,-5.11,741.79,-3.93
108,RR,2,2,29,374.72,[278.27, 139.14, 139.14],28.98,-126.38,527.7,401.32,522.77,-7.31,661.91,-4.12
109,RW,1,1,14,375.73,[206.05, 206.05, 206.05],8.98,-1.76,620.86,619.1,384.71,-1.76,590.76,-3.6
110,RR,2,2,29,376.98,[275.16, 137.58, 137.58],8.21,-1.28,483.15,481.87,385.19,-1.28,522.77,-7.31
111,RR,3,3,32,383.61,[1295.95, 647.97, 35.64],26.54,-243.23,299.42,56.19,651.41,-1.97,687.05,-0.53
112,RR,1,1,14,386.47,[225.4, 225.4, 225.4],24.37,-376.37,654.14,277.77,782.6,-4.61,1008.0,-7.8
113,RR,2,2,29,391.83,[274.54, 137.27, 137.27],28.82,-404.14,536.76,132.62,819.51,-5.28,956.78,-1.88
114,RW,1,1,8,396.66,[192.48, 192.48, 192.48],23.12,-405.01,663.4,258.39,822.28,-2.51,1014.76,-1.04
115,RR,3,3,32,405.03,[1148.51, 574.25, 31.58],8.16,-208.87,262.73,53.86,619.83,-2.23,651.41,-1.97
116,RR,1,1,1,408.77,[187.08, 187.08, 187.08],16.46,-451.35,675.97,224.62,870.31,-6.27,1057.39,-0.73
117,RR,2,2,29,409.07,[315.2, 157.6, 157.6],6.77,-250.19,510.01,259.82,661.91,-4.12,819.51,-5.28
118,RW,1,1,4,418.14,[190.8, 190.8, 190.8],22.66,-472.91,702.91,230.0,907.07,-6.64,1097.87,-2.51
119,RR,2,2,27,419.5,[272.54, 136.27, 136.27],10.53,-386.6,531.95,145.35,811.79,-4.84,948.06,-10.6
120,RR,1,1,14,422.2,[191.84, 191.84, 191.84],11.84,-160.32,593.06,432.74,590.76,-3.6,782.6,-4.61
121,RR,3,3,31,426.25,[1057.85, 528.93, 29.09],20.11,-6.19,259.15,252.96,448.08,-4.47,477.17,-6.56
122,RW,2,2,30,432.61,[254.58, 127.29, 127.29],27.08,-6.99,516.29,509.3,459.69,-6.99,586.98,-2.76
123,RR,1,1,15,432.87,[179.66, 179.66, 179.66],22.14,-0.55,632.53,631.98,455.01,-0.55,634.67,-3.82
124,RR,3,3,32,437.43,[1058.11, 529.05, 29.1],6.7,-243.45,283.05,39.6,687.05,-0.53,716.15,-2.46
125,RR,1,1,10,439.16,[214.29, 214.29, 214.29],14.48,-448.82,686.62,237.8,900.15,-2.31,1114.44,-1.44
126,RR,2,2,24,446.15,[305.61, 152.8, 152.8],14.97,-388.83,559.27,170.44,846.03,-3.92,998.83,-0.28
127,RW,1,1,15,446.43,[215.9, 215.9, 215.9],20.72,-171.34,600.41,429.07,634.67,-3.82,850.57,-6.66
128,RR,2,2,30,452.55,[315.65, 157.83, 157.83],19.61,-273.56,517.93,244.37,743.96,-1.76,901.79,-0.67
129,RR,1,1,15,455.56,[226.93, 226.93, 226.93],10.55,-391.12,652.58,261.46,850.57,-6.66,1077.5,-7.96
130,RR,3,3,31,466.68,[1221.53, 610.76, 33.59],10.7,-6.35,251.97,245.62,477.38,-6.35,510.97,-19.11
131,RW,2,2,22,467.97,[278.29, 139.14, 139.14],23.67,-384.94,561.02,176.08,876.35,-0.23,1015.49,-0.31
132,RR,1,1,5,468.96,[182.3, 182.3, 182.3],11.82,-448.98,681.44,232.46,920.38,-9.38,1102.68,-0.6
133,RR,3,3,32,476.03,[1058.99, 529.5, 29.12],26.27,-244.0,284.24,40.24,745.83,-0.47,774.95,-3.6
134,RR,1,1,11,476.78,[215.65, 215.65, 215.65],15.74,-454.4,686.58,232.18,942.9,-4.02,1158.55,-3.66
135,RW,2,2,28,483.73,[256.49, 128.25, 128.25],10.36,-339.26,517.08,177.82,832.19,-1.16,960.44,-2.47
136,RR,1,1,16,490.12,[217.24, 217.24, 217.24],7.71,-0.52,595.29,594.77,497.83,-0.52,715.07,-3.54
137,RR,2,2,30,492.51,[313.96, 156.98, 156.98],27.41,-69.82,535.31,465.49,586.98,-2.76,743.96,-1.76
138,RR,1,1,12,493.84,[185.35, 185.35, 185.35],21.35,-398.52,648.87,250.35,909.31,-4.4,1094.66,-5.72
139,RR,3,3,31,495.3,[1044.85, 522.43, 28.73],29.04,-5.74,246.43,240.69,524.34,-5.74,553.07,-3.67
140,RW,1,1,16,498.35,[213.07, 213.07, 213.07],27.77,-192.49,602.1,409.61,715.07,-3.54,928.14,-1.62
141,RR,2,2,23,502.42,[273.82, 136.91, 136.91],18.86,-367.76,527.17,159.41,884.62,-4.42,1021.53,-3.83
142,RR,3,3,32,530.08,[1226.53, 613.26, 33.73],15.09,-233.38,274.03,40.65,774.95,-3.6,808.68,-7.95
143,RR,1,1,16,535.97,[180.33, 180.33, 180.33],25.57,-368.22,583.36,215.14,928.14,-1.62,1108.47,-7.41
144,RW,2,2,30,538.58,[316.02, 158.01, 158.01],21.81,-342.07,534.28,192.21,901.79,-0.67,1059.8,-2.45
145,RR,1,1,1,539.63,[183.76, 183.76, 183.76],14.03,-504.46,707.79,203.33,1057.39,-0.73,1241.15,-13.95
146,RR,2,2,25,542.32,[275.41, 137.71, 137.71],18.64,-368.8,524.99,156.19,921.68,-8.08,1059.39,-2.86
147,RR,1,1,17,550.47,[224.7, 224.7, 224.7],6.75,-4.81,581.17,576.36,557.22,-4.81,781.92,-5.29
148,RW,3,3,32,556.74,[1123.49, 561.74, 30.9],14.6,-245.29,279.36,34.07,808.68,-7.95,839.58,-3.77
149,RR,1,1,13,562.03,[188.06, 188.06, 188.06],20.13,-380.75,588.38,207.63,962.32,-0.59,1150.38,-0.14
150,RR,2,2,24,562.43,[284.36, 142.18, 142.18],19.57,-417.11,589.75,172.64,998.83,-0.28,1141.01,-2.28
151,RR,3,3,32,570.52,[1157.35, 578.68, 31.83],25.51,-247.32,299.99,52.67,839.58,-3.77,871.41,-5.17
152,RR,1,1,17,574.91,[228.54, 228.54, 228.54],26.73,-185.57,594.5,408.93,781.92,-5.29,1010.46,-5.34
153,RW,2,3,32,575.61,[272.57, 136.29, 136.29],26.54,-300.31,484.51,184.2,901.34,-1.12,1037.63,-0.51
154,RR,1,1,2,580.19,[192.69, 192.69, 192.69],9.35,-446.4,656.77,210.37,1034.92,-1.02,1227.61,-0.58
155,RR,2,2,22,585.74,[265.76, 132.88, 132.88],25.7,-404.36,565.59,161.23,1015.49,-0.31,1148.37,-1.92
156,RR,1,1,18,589.74,[219.55, 219.55, 219.55],8.02,-11.5,592.67,581.17,597.76,-11.5,817.31,-7.48
157,RW,3,3,32,594.36,[1079.25, 539.63, 29.68],8.95,-115.3,256.96,141.66,716.15,-2.46,745.83,-0.47
158,RR,1,1,3,609.26,[185.25, 185.25, 185.25],15.26,-391.28,711.4,320.12,1014.44,-1.36,1199.69,-2.3
159,RR,2,2,23,609.62,[269.14, 134.57, 134.57],8.72,-407.02,567.3,160.28,1021.53,-3.83,1156.1,-1.66
160,RR,1,1,7,614.38,[225.45, 225.45, 225.45],21.03,-380.39,625.1,244.71,1007.5,-8.3,1232.95,-4.87
161,RW,2,2,26,622.06,[279.66, 139.83, 139.83],11.79,-295.91,531.73,235.82,927.07,-2.69,1066.9,-6.71
162,RR,3,3,31,625.98,[1174.51, 587.26, 32.3],13.66,-0.08,259.69,259.61,639.64,-0.08,671.94,-1.99
163,RR,1,1,4,627.09,[193.15, 193.15, 193.15],9.75,-463.54,717.8,254.26,1097.87,-2.51,1291.02,-4.05
164,RR,2,2,27,633.97,[274.98, 137.49, 137.49],12.18,-312.51,522.86,210.35,948.06,-10.6,1085.55,-3.99
165,RR,1,1,5,638.49,[209.48, 209.48, 209.48],21.23,-443.56,693.63,250.07,1102.68,-0.6,1312.16,-4.02
166,RW,3,3,31,639.63,[1072.92, 536.46, 29.51],12.09,-22.21,244.89,222.68,671.94,-1.99,701.45,-0.4
167,RR,1,1,6,639.72,[211.5, 211.5, 211.5],20.83,-383.88,660.56,276.68,1039.66,-4.77,1251.16,-3.94
168,RR,2,2,28,640.96,[265.7, 132.85, 132.85],7.98,-313.97,502.17,188.2,960.44,-2.47,1093.29,-1.13
169,RR,1,1,8,642.79,[188.04, 188.04, 188.04],16.58,-356.43,653.09,296.66,1014.76,-1.04,1202.8,-5.37
170,RW,2,2,29,643.32,[284.28, 142.14, 142.14],12.68,-302.66,552.86,250.2,956.78,-1.88,1098.92,-1.46
171,RR,3,3,32,653.38,[1088.48, 544.24, 29.93],23.5,-199.7,253.64,53.94,871.41,-5.17,901.34,-1.12
172,RR,1,1,9,654.66,[185.76, 185.76, 185.76],23.77,-320.68,681.77,361.09,997.97,-1.14,1183.73,-4.26
173,RR,2,3,32,660.76,[272.47, 136.24, 136.24],12.27,-365.11,526.85,161.74,1037.63,-0.51,1173.87,-0.15
174,RW,1,1,14,661.18,[227.7, 227.7, 227.7],19.51,-335.11,628.43,293.32,1008.0,-7.8,1235.7,-2.12
175,RR,3,3,31,666.03,[1189.69, 594.84, 32.72],18.39,-17.43,286.64,269.21,701.45,-0.4,734.17,-5.05
176,RR,1,1,10,669.54,[183.89, 183.89, 183.89],22.72,-423.62,650.25,226.63,1114.44,-1.44,1298.33,-7.93
177,RR,2,3,31,673.93,[290.21, 145.1, 145.1],28.13,-37.16,510.25,473.09,734.17,-5.05,879.27,-9.77
178,RR,1,1,15,679.91,[228.25, 228.25, 228.25],27.16,-378.39,633.91,255.52,1077.5,-7.96,1305.75,-0.51
179,RW,2,2,25,682.82,[279.78, 139.89, 139.89],14.25,-365.18,544.66,179.48,1059.39,-2.86,1199.28,-2.71
180,RR,1,1,17,684.17,[203.35, 203.35, 203.35],12.25,-319.38,594.56,275.18,1010.46,-5.34,1213.81,-7.48
181,RR,3,3,31,686.82,[1140.78, 570.39, 31.37],25.34,-201.55,259.44,57.89,912.94,-0.77,944.31,-2.61
182,RR,2,2,26,687.58,[314.5, 157.25, 157.25],28.3,-357.73,592.19,234.46,1066.9,-6.71,1224.15,-4.04
183,RW,1,1,11,691.18,[202.03, 202.03, 202.03],14.04,-456.99,670.19,213.2,1158.55,-3.66,1360.58,-0.91
184,RR,3,3,31,695.23,[1224.24, 612.12, 33.67],15.69,-178.12,242.71,64.59,879.27,-9.77,912.94,-0.77
185,RR,1,1,9,696.0,[194.26, 194.26, 194.26],20.71,-471.28,694.24,222.96,1183.73,-4.26,1377.99,-0.2
186,RR,2,2,27,701.28,[260.07, 130.03, 130.03],27.46,-360.8,533.81,173.01,1085.55,-3.99,1215.58,-5.71
187,RW,1,1,12,701.85,[198.75, 198.75, 198.75],10.33,-388.2,601.25,213.05,1094.66,-5.72,1293.41,-1.66
188,RR,2,2,30,718.61,[299.38, 149.69, 149.69],6.44,-337.2,500.22,163.02,1059.8,-2.45,1209.49,-11.8
189,RR,1,1,13,720.87,[204.86, 204.86, 204.86],16.51,-413.14,656.37,243.23,1150.38,-0.14,1355.24,-6.25
190,RR,3,3,31,724.01,[1081.09, 540.55, 29.73],23.74,-233.72,290.66,56.94,979.64,-1.83,1009.37,-6.43
191,RR,2,3,31,724.23,[297.24, 148.62, 148.62],27.9,-351.15,515.51,164.36,1103.07,-0.21,1251.69,-3.41
192,RW,1,1,16,732.87,[215.73, 215.73, 215.73],17.29,-365.72,674.69,308.97,1108.47,-7.41,1324.2,-0.55
193,RR,3,3,31,739.22,[1284.81, 642.41, 35.33],8.68,-199.02,296.81,97.79,944.31,-2.61,979.64,-1.83
194,RR,1,1,18,739.25,[190.3, 190.3, 190.3],24.82,-265.52,593.16,327.64,1028.31,-1.28,1218.61,-2.68
195,RR,2,0,0,745.72,[325.75, 162.88, 162.88],25.58,25.58,508.86,508.86,,133.55,,296.43
196,RW,1,1,3,746.3,[221.78, 221.78, 221.78],12.3,-443.39,676.49,233.1,1199.69,-2.3,1421.47,-0.34
197,RR,2,2,22,748.78,[276.17, 138.08, 138.08],10.69,-390.82,588.56,197.74,1148.37,-1.92,1286.45,-8.62
198,RR,1,1,18,768.65,[211.0, 211.0, 211.0],29.89,-26.25,587.23,560.98,817.31,-7.48,1028.31,-1.28
199,RR,3,3,31,778.55,[1173.72, 586.86, 32.28],20.22,-217.03,258.98,41.95,1009.37,-6.43,1041.65,-2.78
200,RW,1,1,19,778.95,[196.2, 196.2, 196.2],8.81,-10.27,596.62,586.35,787.76,-10.27,983.96,-1.42
201,RR,2,2,24,787.21,[284.26, 142.13, 142.13],5.64,-350.44,500.8,150.36,1141.01,-2.28,1283.14,-1.17
202,RR,3,0,0,798.03,[1242.76, 621.38, 34.18],18.81,18.81,275.0,275.0,,81.24,,115.42
203,RR,1,1,1,816.63,[212.85, 212.85, 212.85],20.1,-418.37,665.81,247.44,1241.15,-13.95,1454.0,-2.5
204,RR,2,2,23,816.75,[303.12, 151.56, 151.56],12.0,-329.01,539.72,210.71,1156.1,-1.66,1307.66,-1.16
205,RW,1,1,2,824.79,[201.69, 201.69, 201.69],14.05,-389.35,654.77,265.42,1227.61,-0.58,1429.3,-1.4
206,RR,3,3,31,830.03,[1082.73, 541.37, 29.78],10.26,-233.32,290.36,57.04,1073.29,-0.32,1103.07,-0.21
207,RR,1,1,4,830.7,[196.64, 196.64, 196.64],5.26,-459.11,709.56,250.45,1291.02,-4.05,1487.66,-3.83
208,RR,2,2,25,833.35,[308.77, 154.39, 154.39],24.61,-344.03,571.89,227.86,1199.28,-2.71,1353.67,-7.82
209,RW,1,1,6,839.02,[206.26, 206.26, 206.26],14.92,-401.16,649.62,248.46,1251.16,-3.94,1457.42,-5.27
210,RR,2,2,28,843.35,[307.21, 153.61, 153.61],26.1,-224.97,505.43,280.46,1093.29,-1.13,1246.9,-8.2
211,RR,3,3,31,849.95,[1150.41, 575.21, 31.64],17.34,-177.14,251.3,74.16,1041.65,-2.78,1073.29,-0.32
212,RR,1,1,7,857.23,[226.0, 226.0, 226.0],19.19,-361.4,612.69,251.29,1232.95,-4.87,1458.95,-3.74
213,RR,2,2,22,866.82,[277.07, 138.53, 138.53],7.49,-420.76,575.01,154.25,1286.45,-8.62,1424.98,-5.72
214,RW,1,1,8,876.58,[197.14, 197.14, 197.14],24.67,-306.92,587.82,280.9,1202.8,-5.37,1399.94,-1.35
215,RR,3,0,0,877.18,[1162.42, 581.21, 31.97],21.42,21.42,255.24,255.24,,21.42,,53.39
216,RR,1,1,5,889.04,[221.05, 221.05, 221.05],10.52,-416.62,667.37,250.75,1312.16,-4.02,1533.21,-7.29
217,RR,2,2,26,890.61,[304.01, 152.0, 152.0],26.23,-311.35,517.59,206.24,1224.15,-4.04,1376.15,-1.41
218,RW,1,1,14,891.51,[225.13, 225.13, 225.13],15.41,-330.9,610.04,279.14,1235.7,-2.12,1460.83,-1.86
219,RR,2,2,27,902.46,[318.27, 159.13, 159.13],27.27,-291.56,505.29,213.73,1215.58,-5.71,1374.71,-2.85
220,RR,1,1,9,913.71,[206.96, 206.96, 206.96],15.56,-448.92,688.57,239.65,1377.99,-0.2,1584.95,-1.07
221,RR,3,0,0,917.44,[1107.3, 553.65, 30.45],21.54,21.54,244.15,244.15,,26.87,,57.32
222,RW,2,2,23,929.76,[265.77, 132.89, 132.89],17.32,-361.74,515.0,153.26,1307.66,-1.16,1440.55,-6.97
223,RR,1,1,2,938.45,[211.45, 211.45, 211.45],7.64,-484.61,704.98,220.37,1429.3,-1.4,1640.75,-1.45
224,RR,3,3,32,946.92,[1313.01, 656.51, 36.11],13.55,-247.7,294.62,46.92,1207.39,-0.78,1243.5,-11.6
225,RR,1,1,10,958.66,[214.05, 214.05, 214.05],18.69,-328.91,633.61,304.7,1298.33,-7.93,1512.38,-3.45
226,RR,2,2,24,962.91,[269.52, 134.76, 134.76],23.77,-297.63,558.59,260.96,1283.14,-1.17,1417.9,-1.03
227,RW,1,1,12,964.49,[200.19, 200.19, 200.19],25.97,-304.61,585.82,281.21,1293.41,-1.66,1493.6,-9.56
228,RR,2,2,25,972.02,[273.94, 136.97, 136.97],18.65,-370.82,538.37,167.55,1353.67,-7.82,1490.64,-0.85
229,RR,1,1,11,976.73,[214.2, 214.2, 214.2],17.44,-367.32,602.54,235.22,1360.58,-0.91,1574.78,-1.63
230,RR,3,3,32,981.47,[1219.06, 609.53, 33.52],11.18,-181.37,271.1,89.73,1173.87,-0.15,1207.39,-0.78
231,RW,2,2,26,985.38,[291.37, 145.68, 145.68],11.09,-381.09,569.05,187.96,1376.15,-1.41,1521.83,-1.04
232,RR,1,1,8,992.83,[215.78, 215.78, 215.78],27.77,-380.69,637.67,256.98,1399.94,-1.35,1615.72,-2.59
233,RR,3,0,0,996.61,[1040.94, 520.47, 28.63],19.96,19.96,266.19,266.19,,19.96,,48.59
234,RR,1,1,13,999.11,[213.81, 213.81, 213.81],29.01,-333.37,632.15,298.78,1355.24,-6.25,1569.05,-2.88
235,RW,2,2,27,1004.62,[259.67, 129.84, 129.84],16.37,-356.57,501.34,144.77,1374.71,-2.85,1504.55,-2.35
236,RR,1,1,15,1004.65,[211.94, 211.94, 211.94],5.88,-295.73,589.24,293.51,1305.75,-0.51,1517.69,-2.0
237,RR,2,2,22,1015.8,[264.14, 132.07, 132.07],24.41,-390.49,578.2,187.71,1424.98,-5.72,1557.05,-5.01
238,RR,1,1,1,1025.36,[192.06, 192.06, 192.06],8.61,-422.53,670.86,248.33,1454.0,-2.5,1646.06,-1.42
239,RR,3,0,0,1029.59,[1118.76, 559.38, 30.77],25.95,25.95,242.1,242.1,,25.95,,56.72
240,RW,1,1,3,1035.94,[196.4, 196.4, 196.4],21.52,-364.35,654.02,289.67,1421.47,-0.34,1617.87,-0.44
241,RR,2,2,24,1037.03,[312.96, 156.48, 156.48],21.75,-360.15,546.91,186.76,1417.9,-1.03,1574.38,-2.03
242,RR,3,3,32,1038.14,[1036.7, 518.35, 28.51],28.46,-188.5,281.74,93.24,1243.5,-11.6,1272.01,-6.28
243,RR,1,1,16,1044.43,[215.6, 215.6, 215.6],20.27,-260.05,602.6,342.55,1324.2,-0.55,1539.8,-0.7
244,RW,2,2,23,1045.44,[297.74, 148.87, 148.87],19.84,-382.24,552.75,170.51,1440.55,-6.97,1589.42,-4.31
245,RR,1,1,6,1050.24,[200.79, 200.79, 200.79],8.3,-404.15,616.18,212.03,1457.42,-5.27,1658.21,-3.63
246,RR,2,2,25,1051.32,[270.33, 135.17, 135.17],23.19,-416.98,598.64,181.66,1490.64,-0.85,1625.81,-0.14
247,RR,1,1,4,1053.54,[204.08, 204.08, 204.08],13.69,-424.26,674.28,250.02,1487.66,-3.83,1691.74,-1.38
248,RW,3,3,32,1055.53,[1314.72, 657.36, 36.15],20.8,-201.96,253.1,51.14,1272.01,-6.28,1308.16,-0.66
249,RR,1,1,7,1058.12,[196.04, 196.04, 196.04],26.5,-378.07,611.16,233.09,1458.95,-3.74,1654.99,-6.85
250,RR,2,2,28,1062.25,[311.29, 155.65, 155.65],23.99,-309.59,577.75,268.16,1395.69,-0.14,1551.34,-3.17
251,RR,3,3,32,1062.59,[1283.15, 641.58, 35.29],26.58,-219.65,264.04,44.39,1308.16,-0.66,1343.45,-3.95
252,RR,1,1,10,1073.61,[213.26, 213.26, 213.26],29.88,-412.34,654.04,241.7,1512.38,-3.45,1725.64,-0.01
253,RW,2,2,28,1076.83,[297.58, 148.79, 148.79],21.38,-156.89,540.24,383.35,1246.9,-8.2,1395.69,-0.14
254,RR,1,1,5,1077.34,[228.12, 228.12, 228.12],17.85,-445.31,712.03,266.72,1533.21,-7.29,1761.33,-7.94
255,RR,2,2,27,1085.46,[288.54, 144.27, 144.27],29.33,-392.11,578.66,186.55,1504.55,-2.35,1648.82,-0.03
256,RR,1,1,12,1089.54,[197.19, 197.19, 197.19],23.98,-389.64,631.16,241.52,1493.6,-9.56,1690.79,-2.33
257,RW,3,3,31,1091.82,[1309.68, 654.84, 36.02],25.31,-206.71,266.95,60.24,1318.03,-5.81,1354.05,-7.44
258,RR,1,1,9,1094.42,[196.27, 196.27, 196.27],13.18,-478.42,703.55,225.13,1584.95,-1.07,1781.22,-0.3
259,RR,2,2,29,1100.38,[264.93, 132.46, 132.46],20.88,-394.57,539.12,144.55,1514.15,-1.68,1646.61,-0.87
260,RR,1,1,14,1100.89,[187.9, 187.9, 187.9],24.85,-336.95,631.57,294.62,1460.83,-1.86,1648.73,-0.12
261,RW,2,2,29,1103.28,[284.42, 142.21, 142.21],8.41,-4.19,516.18,511.99,1111.69,-4.19,1253.9,-1.2
262,RR,3,3,31,1103.94,[1120.63, 560.32, 30.82],24.22,-126.94,249.42,122.48,1251.69,-3.41,1282.51,-1.8
263,RR,1,1,11,1115.88,[191.96, 191.96, 191.96],29.19,-431.34,667.39,236.05,1574.78,-1.63,1766.74,-2.53
264,RR,2,2,26,1120.78,[256.13, 128.06, 128.06],22.68,-379.41,541.74,162.33,1521.83,-1.04,1649.89,-0.67
265,RR,1,1,3,1131.05,[217.31, 217.31, 217.31],7.2,-480.06,716.22,236.16,1617.87,-0.44,1835.18,-0.82
266,RW,3,3,31,1132.04,[1291.77, 645.88, 35.52],11.86,-140.41,246.06,105.65,1282.51,-1.8,1318.03,-5.81
267,RR,1,1,15,1132.45,[209.71, 209.71, 209.71],21.18,-366.06,636.6,270.54,1517.69,-2.0,1727.4,-2.64
268,RR,2,2,29,1133.42,[256.37, 128.19, 128.19],12.2,-109.48,518.3,408.82,1253.9,-1.2,1382.09,-9.14
269,RR,1,1,8,1143.29,[215.29, 215.29, 215.29],19.01,-456.01,701.53,245.52,1615.72,-2.59,1831.01,-2.27
270,RW,2,2,22,1147.12,[275.92, 137.96, 137.96],18.25,-396.69,567.73,171.04,1557.05,-5.01,1695.01,-0.91
271,RR,3,3,32,1150.29,[1309.29, 654.64, 36.01],9.71,-231.23,264.44,33.21,1379.61,-11.62,1415.62,-0.51
272,RR,1,1,13,1150.52,[186.12, 186.12, 186.12],28.99,-392.42,646.36,253.94,1569.05,-2.88,1755.17,-1.25
273,RR,2,2,29,1157.76,[264.13, 132.06, 132.06],24.53,-208.94,491.13,282.19,1382.09,-9.14,1514.15,-1.68
274,RW,1,1,16,1162.21,[205.56, 205.56, 205.56],7.82,-370.47,592.22,221.75,1539.8,-0.7,1745.36,-2.27
275,RR,3,3,32,1165.4,[1301.36, 650.68, 35.79],19.9,-230.83,277.66,46.83,1415.62,-0.51,1451.41,-1.26
276,RR,1,1,17,1167.04,[184.4, 184.4, 184.4],23.25,-31.0,602.86,571.86,1213.81,-7.48,1398.21,-3.08
277,RR,2,2,28,1170.71,[306.72, 153.36, 153.36],26.2,-357.6,544.49,186.89,1551.34,-3.17,1704.7,-6.0
278,RR,1,1,2,1171.71,[219.11, 219.11, 219.11],27.08,-443.41,688.39,244.98,1640.75,-1.45,1859.86,-2.53
279,RW,2,2,23,1174.02,[317.35, 158.67, 158.67],27.61,-392.1,581.66,189.56,1589.42,-4.31,1748.09,-2.13
280,RR,1,1,1,1182.66,[192.57, 192.57, 192.57],8.84,-455.98,673.04,217.06,1646.06,-1.42,1838.63,-8.2
281,RR,3,3,32,1187.99,[1315.01, 657.51, 36.16],14.69,-144.72,265.86,121.14,1343.45,-3.95,1379.61,-11.62
282,RR,2,2,24,1194.34,[255.54, 127.77, 127.77],20.82,-361.25,562.9,201.65,1574.38,-2.03,1702.15,-8.55
283,RW,1,1,17,1201.99,[219.88, 219.88, 219.88],7.18,-404.07,644.57,240.5,1603.71,-9.53,1823.59,-6.4
284,RR,3,3,32,1208.17,[1322.09, 661.05, 36.36],24.74,-219.76,282.97,63.21,1451.41,-1.26,1487.77,-3.72
285,RR,1,1,4,1221.29,[203.31, 203.31, 203.31],26.24,-445.59,684.73,239.14,1691.74,-1.38,1895.05,-0.83
286,RR,2,2,30,1222.7,[259.8, 129.9, 129.9],17.12,-15.28,505.04,489.76,1239.82,-15.28,1369.72,-0.44
287,RW,1,1,6,1228.19,[199.04, 199.04, 199.04],26.31,-407.34,668.89,261.55,1658.21,-3.63,1857.25,-5.14
288,RR,2,2,30,1231.44,[317.36, 158.68, 158.68],21.73,-116.99,513.11,396.12,1369.72,-0.44,1528.4,-1.41
289,RR,1,1,17,1237.82,[205.5, 205.5, 205.5],28.09,-135.38,588.86,453.48,1398.21,-3.08,1603.71,-9.53
290,RR,3,3,32,1255.1,[1121.64, 560.82, 30.84],18.77,-245.82,277.82,32.0,1518.31,-1.38,1549.15,-5.36
291,RR,2,2,22,1258.86,[257.35, 128.67, 128.67],25.35,-411.71,592.58,180.87,1695.01,-0.91,1823.68,-6.31
292,RW,1,1,5,1265.06,[205.08, 205.08, 205.08],11.63,-492.58,718.53,225.95,1761.33,-7.94,1966.41,-3.62
293,RR,3,3,31,1267.41,[1317.76, 658.88, 36.24],19.73,-104.09,261.83,157.74,1388.74,-2.49,1424.98,-5.72
294,RR,1,1,7,1278.29,[208.91, 208.91, 208.91],13.43,-370.12,682.73,312.61,1654.99,-6.85,1863.9,-1.86
295,RR,2,2,25,1280.54,[319.52, 159.76, 159.76],18.54,-326.87,514.65,187.78,1625.81,-0.14,1785.57,-1.71
296,RW,1,1,9,1284.31,[191.56, 191.56, 191.56],16.61,-480.6,710.22,229.62,1781.22,-0.3,1972.78,-2.34
297,RR,2,2,30,1295.07,[286.29, 143.15, 143.15],12.33,-222.41,482.46,260.05,1528.4,-1.41,1671.55,-7.35
298,RR,1,1,10,1297.99,[214.77, 214.77, 214.77],15.27,-412.39,706.78,294.39,1725.64,-0.01,1940.41,-1.17
299,RR,3,3,32,1306.26,[1110.7, 555.35, 30.54],29.76,-155.47,271.99,116.52,1487.77,-3.72,1518.31,-1.38
300,RW,1,1,12,1308.82,[183.98, 183.98, 183.98],6.15,-378.15,599.31,221.16,1690.79,-2.33,1874.77,-6.37
301,RR,2,3,32,1312.01,[325.52, 162.76, 162.76],23.9,-311.57,490.37,178.8,1642.31,-5.17,1805.07,-3.51
302,RR,3,3,32,1316.18,[1120.23, 560.11, 30.81],25.33,-213.0,252.49,39.49,1549.15,-5.36,1579.96,-0.8
303,RR,1,1,14,1316.84,[214.62, 214.62, 214.62],25.23,-306.78,594.18,287.4,1648.73,-0.12,1863.35,-2.41
304,RR,2,2,24,1323.84,[323.03, 161.51, 161.51],9.06,-377.8,546.77,168.97,1702.15,-8.55,1863.66,-2.1
305,RW,1,1,11,1324.75,[218.87, 218.87, 218.87],27.68,-416.84,670.35,253.51,1766.74,-2.53,1985.61,-0.26
306,RR,3,3,31,1324.83,[1061.55, 530.78, 29.19],23.33,-114.53,245.45,130.92,1460.19,-2.5,1489.38,-2.11
307,RR,1,1,13,1325.65,[202.49, 202.49, 202.49],5.72,-425.05,650.33,225.28,1755.17,-1.25,1957.66,-0.19
308,RR,2,2,26,1326.03,[320.57, 160.28, 160.28],13.11,-311.42,531.54,220.12,1649.89,-0.67,1810.17,-8.4
309,RW,1,1,15,1328.77,[207.27, 207.27, 207.27],16.24,-385.03,616.37,231.34,1727.4,-2.64,1934.67,-6.91
310,RR,2,2,27,1328.98,[317.12, 158.56, 158.56],28.26,-291.61,489.2,197.59,1648.82,-0.03,1807.38,-1.2
311,RR,3,3,31,1330.94,[1261.62, 630.81, 34.69],20.68,-9.87,280.78,270.91,1354.05,-7.44,1388.74,-2.49
312,RR,1,1,16,1334.54,[224.31, 224.31, 224.31],14.73,-398.36,638.55,240.19,1745.36,-2.27,1969.67,-0.36
313,RR,2,2,23,1336.83,[311.54, 155.77, 155.77],18.79,-394.6,573.32,178.72,1748.09,-2.13,1903.86,-2.83
314,RW,1,1,1,1341.81,[198.19, 198.19, 198.19],15.35,-489.67,718.7,229.03,1838.63,-8.2,2036.82,-5.75
315,RR,3,3,31,1347.4,[1156.67, 578.34, 31.81],16.85,-127.24,259.03,131.79,1489.38,-2.11,1521.19,-1.68
316,RR,1,1,18,1350.96,[200.26, 200.26, 200.26],6.4,-4.13,612.35,608.22,1357.36,-4.13,1557.62,-4.44
317,RR,2,2,25,1361.49,[304.62, 152.31, 152.31],9.27,-416.52,592.62,176.1,1785.57,-1.71,1937.88,-3.7
318,RW,1,1,18,1361.87,[197.67, 197.67, 197.67],26.89,-173.3,609.44,436.14,1557.62,-4.44,1755.29,-1.13
319,RR,2,2,28,1366.13,[267.23, 133.62, 133.62],8.91,-335.66,505.03,169.37,1704.7,-6.0,1838.32,-8.51
320,RR,1,1,17,1368.81,[198.7, 198.7, 198.7],14.0,-447.18,657.67,210.49,1823.59,-6.4,2022.29,-3.31
321,RR,3,3,32,1369.1,[1119.37, 559.68, 30.78],17.6,-194.06,279.14,85.08,1579.96,-0.8,1610.74,-2.5
322,RW,2,2,29,1370.16,[279.47, 139.73, 139.73],14.36,-402.76,549.05,146.29,1784.05,-3.23,1923.78,-2.15
323,RR,1,1,18,1377.56,[202.91, 202.91, 202.91],9.52,-369.34,608.93,239.59,1755.29,-1.13,1958.2,-4.59
324,RR,3,3,32,1378.19,[1147.99, 574.0, 31.57],21.87,-213.18,289.35,76.17,1610.74,-2.5,1642.31,-5.17
325,RR,1,1,2,1391.23,[227.26, 227.26, 227.26],6.67,-464.49,711.44,246.95,1859.86,-2.53,2087.12,-2.98
326,RR,2,2,29,1391.89,[274.88, 137.44, 137.44],24.46,-231.13,481.4,250.27,1646.61,-0.87,1784.05,-3.23
327,RW,1,1,3,1392.65,[180.9, 180.9, 180.9],6.36,-436.99,651.34,214.35,1835.18,-0.82,2016.08,-1.28
328,RR,2,2,30,1393.37,[317.51, 158.76, 158.76],22.91,-262.62,512.04,249.42,1671.55,-7.35,1830.31,-2.97
329,RR,1,1,19,1395.83,[228.5, 228.5, 228.5],27.58,-7.29,633.51,626.22,1423.41,-7.29,1651.91,-9.93
330,RR,3,3,31,1397.64,[1192.37, 596.18, 32.79],16.48,-108.75,247.31,138.56,1521.19,-1.68,1553.98,-0.53
331,RW,2,3,31,1401.29,[302.36, 151.18, 151.18],23.67,-353.84,521.35,167.51,1778.63,-0.17,1929.81,-1.88
332,RR,1,1,6,1403.47,[216.84, 216.84, 216.84],6.29,-452.63,688.77,236.14,1857.25,-5.14,2074.09,-9.32
333,RR,3,3,31,1405.73,[1280.31, 640.15, 35.21],15.57,-9.4,273.22,263.82,1424.98,-5.72,1460.19,-2.5
334,RR,1,1,8,1410.79,[198.34, 198.34, 198.34],23.44,-399.05,645.91,246.86,1831.01,-2.27,2029.35,-1.67
335,RW,2,3,31,1416.13,[315.34, 157.67, 157.67],5.72,-201.74,485.8,284.06,1620.96,-2.63,1778.63,-0.17
336,RR,1,1,19,1418.93,[183.84, 183.84, 183.84],20.31,-222.6,576.21,353.61,1651.91,-9.93,1835.75,-0.25
337,RR,2,2,22,1418.99,[286.83, 143.41, 143.41],14.19,-396.81,554.45,157.64,1823.68,-6.31,1967.09,-2.94
338,RR,1,1,7,1421.81,[213.85, 213.85, 213.85],19.71,-424.24,666.14,241.9,1863.9,-1.86,2077.75,-5.66
339,RR,3,3,31,1430.7,[1288.08, 644.04, 35.42],9.79,-114.02,284.93,170.91,1553.98,-0.53,1589.4,-4.33
340,RW,1,1,19,1433.91,[180.95, 180.95, 180.95],22.72,-379.37,604.78,225.41,1835.75,-0.25,2016.7,-0.66
341,RR,2,0,0,1435.72,[323.58, 161.79, 161.79],15.17,15.17,501.98,501.98,,24.47,,186.26
342,RR,3,3,31,1436.07,[1147.74, 573.87, 31.56],7.34,-150.32,299.36,149.04,1589.4,-4.33,1620.96,-2.63
343,RR,1,1,20,1440.16,[208.9, 208.9, 208.9],21.1,-1.43,595.64,594.21,1461.26,-1.43,1670.16,-8.74
344,RW,2,2,26,1447.52,[311.65, 155.83, 155.83],6.32,-364.73,538.61,173.88,1810.17,-8.4,1966.0,-4.03
345,RR,1,1,20,1448.07,[213.65, 213.65, 213.65],26.56,-204.27,615.64,411.37,1670.16,-8.74,1883.81,-4.24
346,RR,2,2,27,1452.67,[261.55, 130.77, 130.77],8.86,-347.05,535.12,188.07,1807.38,-1.2,1938.15,-3.43
347,RR,1,1,4,1456.5,[205.24, 205.24, 205.24],27.22,-412.16,713.29,301.13,1895.05,-0.83,2100.29,-5.43
348,RW,3,0,0,1462.69,[1314.83, 657.41, 36.16],12.0,12.0,286.75,286.75,,26.69,,62.85
349,RR,1,1,12,1470.06,[211.31, 211.31, 211.31],6.53,-404.55,629.93,225.38,1874.77,-6.37,2086.08,-4.02
350,RR,2,2,23,1473.51,[283.58, 141.79, 141.79],28.83,-404.35,588.85,184.5,1903.86,-2.83,2045.65,-2.39
351,RR,3,0,0,1474.11,[1257.52, 628.76, 34.58],14.44,14.44,277.88,277.88,,15.27,,49.85
352,RR,1,1,14,1479.48,[181.23, 181.23, 181.23],16.97,-369.31,581.86,212.55,1863.35,-2.41,2044.58,-3.46
353,RW,2,2,24,1486.61,[322.81, 161.41, 161.41],25.46,-353.69,576.88,223.19,1863.66,-2.1,2025.07,-0.53
354,RR,1,1,20,1491.49,[198.31, 198.31, 198.31],21.82,-374.74,615.75,241.01,1883.81,-4.24,2082.12,-1.29
355,RR,2,2,28,1491.58,[275.57, 137.78, 137.78],23.64,-331.61,550.47,218.86,1838.32,-8.51,1976.1,-0.71
356,RR,1,1,21,1492.29,[185.15, 185.15, 185.15],10.58,-0.29,624.77,624.48,1502.87,-0.29,1688.02,-5.1
357,RW,3,0,0,1503.16,[1310.66, 655.33, 36.04],18.67,18.67,243.79,243.79,,18.67,,54.71
358,RR,1,1,10,1506.9,[221.89, 221.89, 221.89],29.14,-405.54,677.13,271.59,1940.41,-1.17,2162.3,-10.05
359,RR,2,2,30,1506.99,[326.76, 163.38, 163.38],28.11,-298.18,561.79,263.61,1830.31,-2.97,1993.69,-0.94
360,RR,1,1,21,1512.27,[207.68, 207.68, 207.68],20.16,-160.69,599.14,438.45,1688.02,-5.1,1895.7,-0.18
361,RW,2,3,32,1512.33,[290.94, 145.47, 145.47],17.49,-373.36,542.35,168.99,1901.06,-2.12,2046.53,-1.51
362,RR,3,0,0,1515.83,[1216.73, 608.37, 33.46],22.03,22.03,250.19,250.19,,22.03,,55.49
363,RR,1,1,13,1519.69,[183.24, 183.24, 183.24],20.85,-417.31,624.18,206.87,1957.66,-0.19,2140.9,-6.03
364,RR,2,2,29,1522.87,[273.55, 136.78, 136.78],24.58,-378.48,543.23,164.75,1923.78,-2.15,2060.56,-0.17
365,RR,1,1,21,1522.93,[207.01, 207.01, 207.01],20.9,-352.05,586.99,234.94,1895.7,-0.18,2102.71,-3.01
366,RW,3,0,0,1525.06,[1237.15, 618.58, 34.02],13.62,13.62,252.07,252.07,,28.92,,62.94
367,RR,1,1,3,1527.06,[195.76, 195.76, 195.76],23.84,-466.46,691.81,225.35,2016.08,-1.28,2211.84,-2.72
368,RR,2,0,0,1529.81,[302.23, 151.12, 151.12],17.79,17.79,526.24,526.24,,24.17,,175.29
369,RR,1,1,15,1540.5,[182.24, 182.24, 182.24],20.55,-380.53,604.93,224.4,1934.67,-6.91,2116.91,-9.8
370,RW,2,0,0,1541.36,[288.52, 144.26, 144.26],27.23,27.23,489.86,489.86,,27.23,,171.49
371,RR,3,0,0,1548.94,[1179.44, 589.72, 32.43],6.79,6.79,247.4,247.4,,6.79,,39.22
372,RR,1,1,1,1554.51,[197.81, 197.81, 197.81],10.05,-478.01,690.16,212.15,2036.82,-5.75,2234.63,-0.24
373,RR,2,2,22,1555.86,[275.98, 137.99, 137.99],16.39,-397.78,586.0,188.22,1967.09,-2.94,2105.08,-0.64
374,RW,1,2,25,1562.06,[214.05, 214.05, 214.05],8.61,-370.91,593.85,222.94,1937.88,-3.7,2151.93,-1.01
375,RR,3,0,0,1567.03,[1243.92, 621.96, 34.21],27.83,27.83,251.87,251.87,,27.83,,62.04
376,RR,1,1,5,1567.79,[214.63, 214.63, 214.63],29.19,-373.05,630.79,257.74,1966.41,-3.62,2181.04,-0.28
377,RR,2,0,0,1571.93,[270.39, 135.2, 135.2],10.55,10.55,480.2,480.2,,17.47,,152.67
378,RR,1,1,9,1573.1,[214.26, 214.26, 214.26],19.42,-382.6,641.98,259.38,1972.78,-2.34,2187.04,-10.72
379,RW,2,2,26,1576.41,[267.11, 133.55, 133.55],8.77,-384.85,547.65,162.8,1966.0,-4.03,2099.55,-6.17
380,RR,1,1,8,1576.97,[203.08, 203.08, 203.08],9.54,-444.51,663.18,218.67,2029.35,-1.67,2232.43,-2.44
381,RR,3,3,32,1579.42,[1209.38, 604.69, 33.26],16.99,-250.42,275.83,25.41,1838.67,-8.16,1871.93,-0.29
382,RR,2,2,24,1579.81,[264.76, 132.38, 132.38],24.6,-421.19,584.18,162.99,2025.07,-0.53,2157.45,-1.77
383,RW,1,1,11,1580.76,[204.44, 204.44, 204.44],7.18,-397.93,620.08,222.15,1985.61,-0.26,2190.05,-7.71
384,RR,3,0,0,1580.86,[1324.87, 662.44, 36.43],5.84,5.84,257.17,257.17,,8.54,,44.97
385,RR,1,1,14,1580.91,[179.65, 179.65, 179.65],24.32,-442.81,656.64,213.83,2044.58,-3.46,2224.23,-10.64
386,RR,2,2,27,1583.04,[258.86, 129.43, 129.43],11.11,-347.43,498.62,151.19,1938.15,-3.43,2067.58,-0.44
387,RW,1,1,16,1584.43,[213.4, 213.4, 213.4],23.06,-362.54,667.66,305.12,1969.67,-0.36,2183.07,-14.69
388,RR,2,2,28,1586.02,[276.7, 138.35, 138.35],19.91,-370.88,590.89,220.01,1976.1,-0.71,2114.45,-1.17
389,RR,1,1,18,1593.73,[203.66, 203.66, 203.66],24.35,-344.71,608.41,263.7,1958.2,-4.59,2161.86,-10.49
390,RR,3,3,32,1598.23,[1221.93, 610.96, 33.6],25.5,-184.85,272.4,87.55,1805.07,-3.51,1838.67,-8.16
391,RR,2,2,30,1600.9,[292.21, 146.11, 146.11],27.48,-366.25,555.8,189.55,1993.69,-0.94,2139.8,-0.7
392,RW,1,1,19,1602.17,[203.48, 203.48, 203.48],27.24,-387.95,620.71,232.76,2016.7,-0.66,2220.18,-1.38
393,RR,3,0,0,1613.24,[1082.52, 541.26, 29.77],18.88,18.88,262.66,262.66,,18.88,,48.65
394,RR,1,1,2,1618.31,[184.83, 184.83, 184.83],17.81,-453.98,662.25,208.27,2087.12,-2.98,2271.95,-0.65
395,RR,2,3,32,1618.54,[298.62, 149.31, 149.31],25.59,-403.91,555.82,151.91,2046.53,-1.51,2195.84,-1.92
396,RW,1,1,4,1619.08,[197.98, 197.98, 197.98],16.34,-470.3,708.13,237.83,2100.29,-5.43,2298.27,-7.42
397,RR,2,3,31,1623.59,[298.95, 149.47, 149.47],17.2,-350.39,500.36,149.97,1988.41,-2.77,2137.88,-1.81
398,RR,1,1,17,1624.51,[197.31, 197.31, 197.31],29.34,-371.75,610.07,238.32,2022.29,-3.31,2219.6,-1.96
399,RR,3,3,32,1625.36,[1059.35, 529.68, 29.13],16.74,-230.12,287.95,57.83,1871.93,-0.29,1901.06,-2.12
400,RW,1,1,6,1625.95,[186.39, 186.39, 186.39],28.08,-429.38,658.86,229.48,2074.09,-9.32,2260.48,-0.03
401,RR,2,0,0,1629.09,[261.58, 130.79, 130.79],11.83,11.83,533.5,533.5,,149.54,,280.33
402,RR,3,0,0,1630.45,[1237.25, 618.63, 34.02],11.77,11.77,251.49,251.49,,148.18,,182.2
403,RR,1,0,0,1631.85,[214.24, 214.24, 214.24],13.98,13.98,624.57,624.57,,146.78,,361.02
404,RR,2,2,23,1639.76,[286.82, 143.41, 143.41],7.67,-400.61,592.09,191.48,2045.65,-2.39,2189.06,-8.7
405,RW,1,1,7,1642.2,[206.32, 206.32, 206.32],19.96,-421.25,717.12,295.87,2077.75,-5.66,2284.07,-4.29
406,RR,3,0,0,1647.48,[1136.56, 568.28, 31.26],15.09,15.09,274.74,274.74,,131.15,,162.41
407,RR,1,1,12,1648.85,[208.98, 208.98, 208.98],10.54,-430.71,701.14,270.43,2086.08,-4.02,2295.06,-10.63
408,RR,2,0,0,1650.56,[279.22, 139.61, 139.61],6.72,6.72,505.27,505.27,,128.07,,267.68
409,RW,1,0,0,1661.84,[203.01, 203.01, 203.01],28.11,28.11,593.51,593.51,,116.79,,319.8
410,RR,2,2,22,1663.03,[270.75, 135.37, 135.37],6.94,-435.75,596.16,160.41,2105.08,-0.64,2240.45,-3.13
411,RR,3,0,0,1678.9,[1201.33, 600.67, 33.04],5.84,5.84,268.6,268.6,,99.73,,132.77
412,RR,1,1,15,1684.34,[223.4, 223.4, 223.4],22.93,-419.44,679.84,260.4,2116.91,-9.8,2340.31,-5.55
413,RR,2,2,27,1693.12,[293.12, 146.56, 146.56],27.55,-347.35,522.28,174.93,2067.58,-0.44,2214.14,-0.42
414,RW,1,1,13,1695.92,[186.21, 186.21, 186.21],10.75,-440.26,647.08,206.82,2140.9,-6.03,2327.11,-0.58
415,RR,3,3,31,1697.0,[1045.07, 522.54, 28.74],28.39,-237.4,294.03,56.63,1959.67,-3.12,1988.41,-2.77
416,RR,1,1,10,1700.75,[202.39, 202.39, 202.39],14.82,-456.78,676.59,219.81,2162.3,-10.05,2364.69,-2.75
417,RR,2,2,29,1701.43,[256.28, 128.14, 128.14],27.9,-331.4,510.38,178.98,2060.56,-0.17,2188.7,-9.06
418,RW,1,1,20,1710.7,[207.97, 207.97, 207.97],25.24,-347.47,648.61,301.14,2082.12,-1.29,2290.09,-0.83
419,RR,2,0,0,1711.79,[281.85, 140.92, 140.92],18.24,18.24,527.83,527.83,,66.84,,207.76
420,RR,1,1,5,1716.6,[212.73, 212.73, 212.73],29.12,-435.6,704.87,269.27,2181.04,-0.28,2393.77,-10.29
421,RR,3,3,31,1723.55,[1085.88, 542.94, 29.86],11.48,-196.66,262.87,66.21,1929.81,-1.88,1959.67,-3.12
422,RW,2,0,0,1725.65,[308.37, 154.19, 154.19],12.76,12.76,509.36,509.36,,52.98,,207.17
423,RR,1,1,9,1730.04,[228.96, 228.96, 228.96],6.37,-461.35,686.28,224.93,2187.04,-10.72,2416.0,-3.39
424,RR,3,0,0,1733.1,[1047.6, 523.8, 28.81],28.24,28.24,268.15,268.15,,45.53,,74.34
425,RR,1,1,11,1733.93,[195.54, 195.54, 195.54],15.88,-447.95,656.16,208.21,2190.05,-7.71,2385.59,-1.23
426,RR,2,0,0,1734.23,[263.15, 131.58, 131.58],19.0,19.0,488.83,488.83,,44.4,,175.98
427,RW,1,0,0,1743.23,[222.72, 222.72, 222.72],28.52,28.52,578.07,578.07,,35.4,,258.12
428,RR,2,2,24,1744.77,[282.27, 141.13, 141.13],5.29,-409.16,559.24,150.08,2157.45,-1.77,2298.58,-7.11
429,RR,1,1,21,1747.63,[214.14, 214.14, 214.14],7.2,-350.89,584.71,233.82,2102.71,-3.01,2316.85,-0.22
430,RR,3,0,0,1750.22,[1212.02, 606.01, 33.33],11.55,11.55,283.0,283.0,,28.41,,61.74
431,RW,2,2,26,1750.7,[309.56, 154.78, 154.78],11.05,-343.97,505.55,161.58,2099.55,-6.17,2254.33,-0.64
432,RR,1,1,3,1756.42,[219.33, 219.33, 219.33],24.27,-433.87,683.26,249.39,2211.84,-2.72,2431.17,-6.88
433,RR,3,0,0,1758.69,[1107.87, 553.94, 30.47],6.63,6.63,254.49,254.49,,19.94,,50.41
434,RR,1,2,28,1769.27,[221.71, 221.71, 221.71],24.75,-321.6,583.84,262.24,2114.45,-1.17,2336.16,-1.63
435,RW,2,2,23,1772.28,[309.89, 154.94, 154.94],16.26,-409.22,598.46,189.24,2189.06,-8.7,2344.0,-1.86
436,RR,1,1,1,1772.73,[203.24, 203.24, 203.24],22.81,-439.33,688.39,249.06,2234.63,-0.24,2437.87,-0.18
437,RR,2,0,0,1773.27,[266.85, 133.42, 133.42],7.62,7.62,484.12,484.12,,7.62,,141.04
438,RR,1,1,2,1777.68,[189.15, 189.15, 189.15],23.47,-471.45,712.24,240.79,2271.95,-0.65,2461.1,-4.01
439,RR,3,0,0,1778.8,[1259.14, 629.57, 34.63],9.63,9.63,250.77,250.77,,151.01,,185.64
440,RW,1,1,6,1780.06,[185.34, 185.34, 185.34],15.03,-465.42,667.37,201.95,2260.48,-0.03,2445.82,-0.02
441,RR,2,2,25,1781.52,[274.34, 137.17, 137.17],21.37,-350.05,586.4,236.35,2151.93,-1.01,2289.1,-1.82
442,RR,3,0,0,1787.28,[1042.14, 521.07, 28.66],23.17,23.17,275.25,275.25,,142.53,,171.19
443,RR,1,1,16,1791.21,[186.63, 186.63, 186.63],11.61,-394.94,600.49,205.55,2183.07,-14.69,2369.7,-0.62
444,RW,2,2,22,1804.69,[255.29, 127.64, 127.64],6.95,-431.94,575.61,143.67,2240.45,-3.13,2368.09,-1.05
445,RR,1,1,7,1808.58,[185.89, 185.89, 185.89],13.0,-466.78,662.1,195.32,2284.07,-4.29,2469.96,-5.49
446,RR,2,2,26,1818.57,[293.4, 146.7, 146.7],28.84,-407.56,588.54,180.98,2254.33,-0.64,2401.03,-3.03
447,RR,1,1,8,1818.59,[194.2, 194.2, 194.2],21.31,-394.97,627.32,232.35,2232.43,-2.44,2426.63,-11.42
448,RW,3,0,0,1818.73,[1279.89, 639.94, 35.2],12.11,12.11,268.74,268.74,,111.08,,146.28
449,RR,1,1,14,1819.54,[191.05, 191.05, 191.05],15.93,-399.4,657.58,258.18,2224.23,-10.64,2415.28,-4.11
450,RR,2,2,29,1820.52,[318.57, 159.29, 159.29],5.31,-371.93,537.91,165.98,2188.7,-9.06,2347.99,-7.45
451,RR,3,0,0,1820.7,[1166.45, 583.23, 32.08],24.73,24.73,257.68,257.68,,109.11,,141.19
452,RR,1,1,17,1829.99,[191.24, 191.24, 191.24],29.64,-361.93,647.72,285.79,2219.6,-1.96,2410.84,-0.1
453,RW,2,2,27,1833.28,[296.69, 148.35, 148.35],12.01,-369.27,593.85,224.58,2214.14,-0.42,2362.49,-0.5
454,RR,1,1,4,1836.0,[178.49, 178.49, 178.49],16.34,-453.35,652.29,198.94,2298.27,-7.42,2476.76,-0.86
455,RR,2,2,30,1837.97,[281.05, 140.52, 140.52],24.92,-277.61,480.07,202.46,2139.8,-0.7,2280.32,-8.04
456,RR,1,1,12,1846.83,[180.29, 180.29, 180.29],22.54,-436.32,640.15,203.83,2295.06,-10.63,2475.35,-0.1
457,RW,3,0,0,1849.79,[1163.98, 581.99, 32.01],14.88,14.88,253.61,253.61,,80.02,,112.03
458,RR,1,1,18,1855.81,[207.32, 207.32, 207.32],20.13,-296.41,630.2,333.79,2161.86,-10.49,2369.18,-1.14
459,RR,2,2,24,1862.39,[275.76, 137.88, 137.88],6.62,-436.68,589.17,152.49,2298.58,-7.11,2436.46,-1.59
460,RR,1,1,19,1862.43,[226.39, 226.39, 226.39],8.53,-350.6,668.3,317.7,2220.18,-1.38,2446.57,-6.47
461,RW,2,3,32,1865.76,[315.03, 157.52, 157.52],19.02,-403.58,562.52,158.94,2288.02,-0.34,2445.54,-0.25
462,RR,3,0,0,1868.05,[1220.04, 610.02, 33.55],8.62,8.62,240.54,240.54,,61.76,,95.31
463,RR,1,1,10,1868.2,[219.14, 219.14, 219.14],22.87,-476.37,719.9,243.53,2364.69,-2.75,2583.83,-4.34
464,RR,2,3,31,1871.45,[281.61, 140.8, 140.8],25.95,-242.29,524.67,282.38,2137.88,-1.81,2278.68,-9.68
465,RR,1,0,0,1872.22,[214.6, 214.6, 214.6],27.06,27.06,620.79,620.79,,57.59,,272.19
466,RW,3,0,0,1873.65,[1190.44, 595.22, 32.74],28.18,28.18,248.37,248.37,,56.16,,88.9
467,RR,1,1,20,1881.14,[222.82, 222.82, 222.82],16.11,-393.67,657.96,264.29,2290.09,-0.83,2512.91,-2.82
468,RR,2,2,25,1888.05,[291.87, 145.94, 145.94],12.33,-390.54,590.3,199.76,2289.1,-1.82,2435.04,-3.01
469,RR,1,1,13,1893.42,[182.81, 182.81, 182.81],17.76,-416.51,657.98,241.47,2327.11,-0.58,2509.92,-5.81
470,RW,2,3,31,1895.88,[284.63, 142.31, 142.31],19.15,-373.33,517.23,143.9,2278.68,-9.68,2420.99,-3.07
471,RR,3,0,0,1899.6,[1273.13, 636.56, 35.01],11.23,11.23,250.99,250.99,,30.21,,65.22
472,RR,1,1,5,1899.89,[201.1, 201.1, 201.1],7.98,-496.19,700.34,204.15,2393.77,-10.29,2594.87,-3.77
473,RR,2,2,30,1900.71,[324.65, 162.32, 162.32],17.27,-370.38,556.28,185.9,2280.32,-8.04,2442.64,-0.99
474,RW,1,1,21,1900.98,[227.13, 227.13, 227.13],11.64,-404.45,652.79,248.34,2316.85,-0.22,2543.98,-8.59
475,RR,3,0,0,1903.18,[1190.04, 595.02, 32.73],18.11,18.11,256.27,256.27,,26.63,,59.36
476,RR,1,0,0,1906.69,[212.49, 212.49, 212.49],22.27,22.27,602.42,602.42,,23.12,,235.61
477,RR,2,0,0,1909.11,[323.46, 161.73, 161.73],11.07,11.07,540.44,540.44,,20.7,,182.43
478,RR,1,1,11,1919.7,[223.27, 223.27, 223.27],15.33,-451.79,715.01,263.22,2385.59,-1.23,2608.86,-0.38
479,RW,2,2,23,1925.93,[296.52, 148.26, 148.26],6.15,-413.78,586.78,173.0,2344.0,-1.86,2492.26,-1.73
480,RR,1,1,15,1928.51,[206.44, 206.44, 206.44],24.94,-392.41,667.28,274.87,2340.31,-5.55,2546.75,-5.82
481,RR,3,0,0,1931.69,[1302.09, 651.04, 35.81],9.18,9.18,271.0,271.0,,27.98,,63.79
482,RR,2,0,0,1941.58,[291.64, 145.82, 145.82],15.48,15.48,494.14,494.14,,18.09,,163.91
483,RW,1,2,28,1944.08,[203.88, 203.88, 203.88],13.18,-380.53,597.01,216.48,2336.16,-1.63,2540.04,-1.22
484,RR,3,3,32,1944.79,[1106.19, 553.09, 30.42],25.0,-265.08,294.67,29.59,2225.93,-8.94,2256.35,-0.22
485,RR,1,1,1,1946.64,[190.99, 190.99, 190.99],27.02,-464.39,692.18,227.79,2437.87,-0.18,2628.86,-3.24
486,RR,2,0,0,1947.65,[261.9, 130.95, 130.95],12.86,12.86,492.21,492.21,,12.86,,143.81
487,RW,1,1,3,1948.2,[184.04, 184.04, 184.04],26.5,-463.35,687.9,224.55,2431.17,-6.88,2615.21,-3.66
488,RR,2,0,0,1950.74,[296.66, 148.33, 148.33],24.78,24.78,492.41,492.41,,24.78,,173.11
489,RR,1,2,27,1952.61,[182.67, 182.67, 182.67],19.58,-390.8,596.93,206.13,2362.49,-0.5,2545.16,-7.41
490,RR,3,0,0,1956.43,[1142.29, 571.14, 31.41],20.02,20.02,264.5,264.5,,20.02,,51.43
491,RR,2,0,0,1957.85,[322.26, 161.13, 161.13],23.24,23.24,527.39,527.39,,23.24,,184.37
492,RW,1,1,2,1957.86,[191.67, 191.67, 191.67],11.56,-495.69,709.35,213.66,2461.1,-4.01,2652.77,-3.63
493,RR,3,3,32,1962.79,[1094.32, 547.16, 30.09],6.23,-228.74,282.11,53.37,2195.84,-1.92,2225.93,-8.94
494,RR,1,1,8,1963.74,[214.54, 214.54, 214.54],26.37,-447.94,680.34,232.4,2426.63,-11.42,2641.17,-0.05
495,RR,2,2,22,1970.03,[293.41, 146.7, 146.7],7.77,-391.34,586.43,195.09,2368.09,-1.05,2514.79,-0.94
496,RW,1,1,16,1975.12,[189.53, 189.53, 189.53],24.23,-370.97,610.86,239.89,2369.7,-0.62,2559.23,-4.96
497,RR,2,0,0,1976.81,[325.58, 162.79, 162.79],23.82,23.82,505.74,505.74,,23.82,,186.61
498,RR,1,1,18,1980.29,[205.12, 205.12, 205.12],19.64,-370.39,616.79,246.4,2369.18,-1.14,2574.3,-3.35
499,RR,3,0,0,1984.26,[1092.38, 546.19, 30.04],8.6,8.6,268.74,268.74,,8.6,,38.64
500,RW,1,1,9,1985.87,[188.82, 188.82, 188.82],7.7,-425.82,629.0,203.18,2416.0,-3.39,2604.82,-4.42
501,RR,2,0,0,1991.18,[310.25, 155.12, 155.12],20.45,20.45,488.39,488.39,,146.7,,301.82
502,RR,3,0,0,1991.59,[1141.14, 570.57, 31.38],26.21,26.21,254.96,254.96,,146.29,,177.67
503,RR,1,1,4,1994.63,[198.57, 198.57, 198.57],22.18,-460.81,714.0,253.19,2476.76,-0.86,2675.33,-0.91
504,RR,2,2,26,1995.02,[286.77, 143.38, 143.38],17.21,-391.83,559.76,167.93,2401.03,-3.03,2544.41,-8.16
505,RW,1,1,6,1996.43,[207.76, 207.76, 207.76],27.51,-421.9,690.33,268.43,2445.82,-0.02,2653.58,-2.82
506,RR,3,0,0,2003.19,[1091.96, 545.98, 30.03],7.73,7.73,278.43,278.43,,134.69,,164.72
507,RR,1,1,14,2007.73,[203.38, 203.38, 203.38],16.25,-395.41,656.13,260.72,2415.28,-4.11,2618.66,-0.21
508,RR,2,2,24,2011.34,[303.09, 151.54, 151.54],10.45,-416.26,589.56,173.3,2436.46,-1.59,2588.0,-0.17
509,RW,1,1,7,2014.73,[185.72, 185.72, 185.72],22.39,-438.33,640.99,202.66,2469.96,-5.49,2655.68,-0.72
510,RR,2,2,29,2017.36,[280.72, 140.36, 140.36],26.64,-311.44,514.05,202.61,2347.99,-7.45,2488.35,-5.64
511,RR,3,3,32,2018.0,[1151.8, 575.9, 31.67],5.11,-233.46,299.49,66.03,2256.35,-0.22,2288.02,-0.34
512,RR,1,1,12,2020.02,[185.69, 185.69, 185.69],14.55,-440.88,716.47,275.59,2475.35,-0.1,2661.04,-1.09
513,RR,2,3,31,2020.53,[262.44, 131.22, 131.22],19.47,-384.06,534.84,150.78,2420.99,-3.07,2552.21,-0.36
514,RW,1,1,17,2020.67,[213.63, 213.63, 213.63],17.98,-372.29,620.02,247.73,2410.84,-0.1,2624.47,-7.63
515,RR,3,0,0,2025.6,[1179.97, 589.99, 32.45],9.37,9.37,250.34,250.34,,112.28,,144.73
516,RR,1,1,19,2026.87,[183.93, 183.93, 183.93],5.89,-420.28,610.89,190.61,2446.57,-6.47,2630.5,-1.6
517,RR,2,0,0,2027.62,[310.98, 155.49, 155.49],26.79,26.79,515.55,515.55,,110.26,,265.75
518,RW,1,2,23,2031.02,[201.73, 201.73, 201.73],5.14,-457.83,671.06,213.23,2492.26,-1.73,2693.99,-0.13
519,RR,2,0,0,2031.22,[277.02, 138.51, 138.51],12.71,12.71,487.31,487.31,,106.66,,245.17
520,RR,1,2,25,2031.36,[185.39, 185.39, 185.39],14.85,-391.84,628.26,236.42,2435.04,-3.01,2620.43,-2.97
521,RR,3,0,0,2042.57,[1312.64, 656.32, 36.1],5.96,5.96,279.36,279.36,,95.31,,131.41
522,RW,2,0,0,2043.35,[278.43, 139.22, 139.22],21.84,21.84,502.63,502.63,,94.53,,233.75
523,RR,1,2,30,2048.04,[206.49, 206.49, 206.49],28.07,-367.52,604.27,236.75,2442.64,-0.99,2649.13,-7.27
524,RR,3,0,0,2056.38,[1320.48, 660.24, 36.31],18.22,18.22,285.76,285.76,,81.5,,117.81
525,RR,1,2,29,2060.73,[195.34, 195.34, 195.34],22.78,-410.48,643.07,232.59,2488.35,-5.64,2683.69,-6.56
526,RR,2,3,32,2068.02,[263.27, 131.63, 131.63],28.06,-349.71,566.12,216.41,2445.54,-0.25,2577.17,-0.48
527,RW,1,1,13,2068.13,[180.87, 180.87, 180.87],10.82,-436.78,630.5,193.72,2509.92,-5.81,2690.79,-1.72
528,RR,2,0,0,2070.01,[278.21, 139.1, 139.1],6.71,6.71,533.32,533.32,,67.87,,206.97
529,RR,1,0,0,2072.36,[226.02, 226.02, 226.02],26.1,26.1,626.22,626.22,,65.52,,291.54
530,RR,3,0,0,2083.41,[1249.85, 624.92, 34.37],7.25,7.25,281.44,281.44,,54.47,,88.84
531,RW,2,0,0,2084.59,[316.21, 158.1, 158.1],6.43,6.43,481.37,481.37,,53.29,,211.39
532,RR,1,1,15,2084.95,[178.26, 178.26, 178.26],15.04,-452.58,658.9,206.32,2546.75,-5.82,2725.01,-1.88
533,RR,3,0,0,2090.1,[1072.98, 536.49, 29.51],17.41,17.41,298.99,298.99,,47.78,,77.29
534,RR,1,1,16,2095.91,[218.94, 218.94, 218.94],7.44,-460.84,696.18,235.34,2559.23,-4.96,2778.17,-2.13
535,RW,2,2,22,2097.86,[270.94, 135.47, 135.47],20.08,-397.79,552.92,155.13,2514.79,-0.94,2650.26,-6.14
536,RR,1,1,20,2105.72,[185.26, 185.26, 185.26],27.13,-382.88,627.96,245.08,2512.91,-2.82,2698.17,-7.85
537,RR,2,0,0,2108.99,[310.39, 155.2, 155.2],23.59,23.59,584.88,584.88,,28.89,,184.09
538,RR,1,1,21,2115.62,[198.37, 198.37, 198.37],13.64,-423.31,628.18,204.87,2543.98,-8.59,2742.35,-2.01
539,RR,3,0,0,2126.71,[1034.6, 517.3, 28.45],20.77,20.77,297.13,297.13,,20.77,,49.22
540,RW,1,1,10,2128.59,[216.32, 216.32, 216.32],18.9,-440.68,676.51,235.83,2583.83,-4.34,2800.15,-3.03
541,RR,2,0,0,2131.3,[307.86, 153.93, 153.93],10.51,10.51,484.14,484.14,,10.51,,164.44
542,RR,3,0,0,2139.69,[1218.52, 609.26, 33.51],14.13,14.13,252.62,252.62,,138.99,,172.5
543,RR,1,2,26,2140.5,[213.99, 213.99, 213.99],17.36,-394.71,637.44,242.73,2544.41,-8.16,2758.4,-3.6
544,RW,2,0,0,2146.93,[273.4, 136.7, 136.7],26.17,26.17,494.61,494.61,,131.75,,268.45
545,RR,1,0,0,2148.62,[217.56, 217.56, 217.56],24.67,24.67,587.23,587.23,,130.06,,347.62
546,RR,2,2,27,2149.42,[277.71, 138.85, 138.85],23.13,-380.02,577.23,197.21,2545.16,-7.41,2684.01,-6.24
547,RR,1,1,1,2152.94,[223.99, 223.99, 223.99],19.15,-460.01,719.1,259.09,2628.86,-3.24,2852.85,-0.86
548,RW,3,0,0,2156.36,[1173.87, 586.93, 32.28],25.12,25.12,271.83,271.83,,122.32,,154.6
549,RR,1,2,28,2159.22,[215.2, 215.2, 215.2],25.77,-356.27,607.66,251.39,2540.04,-1.22,2755.24,-2.93
550,RR,2,2,24,2159.5,[277.06, 138.53, 138.53],22.19,-406.48,587.72,181.24,2588.0,-0.17,2726.53,-0.36
551,RR,3,0,0,2172.35,[1198.67, 599.33, 32.96],18.36,18.36,260.51,260.51,,106.33,,139.29
552,RR,1,3,31,2172.89,[205.99, 205.99, 205.99],12.89,-402.39,604.74,202.35,2584.01,-4.16,2790.0,-3.15
553,RW,2,0,0,2173.51,[319.19, 159.59, 159.59],22.31,22.31,562.77,562.77,,105.17,,264.76
554,RR,1,1,2,2181.32,[184.45, 184.45, 184.45],8.08,-467.0,699.0,232.0,2652.77,-3.63,2837.22,-4.86
555,RR,2,3,32,2181.42,[299.5, 149.75, 149.75],7.15,-389.08,562.76,173.68,2577.17,-0.48,2726.92,-4.26
556,RR,1,1,3,2197.76,[189.36, 189.36, 189.36],25.79,-395.32,659.31,263.99,2615.21,-3.66,2804.57,-0.53
557,RW,3,0,0,2214.56,[1304.13, 652.07, 35.86],23.06,23.06,243.24,243.24,,64.12,,99.98
558,RR,1,1,5,2215.31,[187.38, 187.38, 187.38],9.43,-373.9,588.31,214.41,2594.87,-3.77,2782.25,-0.37
559,RR,2,2,22,2217.76,[274.91, 137.45, 137.45],16.54,-422.1,570.15,148.05,2650.26,-6.14,2787.71,-1.96
560,RR,1,1,6,2221.56,[190.35, 190.35, 190.35],7.52,-427.32,629.97,202.65,2653.58,-2.82,2843.93,-3.06
561,RW,2,2,25,2234.87,[318.12, 159.06, 159.06],16.67,-371.86,593.73,221.87,2620.43,-2.97,2779.49,-0.81
562,RR,3,0,0,2238.63,[1109.58, 554.79, 30.51],9.76,9.76,296.08,296.08,,40.05,,70.56
563,RR,1,1,8,2239.47,[220.14, 220.14, 220.14],14.88,-386.87,627.97,241.1,2641.17,-0.05,2861.31,-2.89
564,RR,2,0,0,2243.58,[256.9, 128.45, 128.45],15.12,15.12,530.55,530.55,,35.1,,163.55
565,RR,1,1,4,2245.61,[212.37, 212.37, 212.37],17.03,-413.6,679.36,265.76,2675.33,-0.91,2887.7,-0.45
566,RW,3,0,0,2250.23,[1230.63, 615.32, 33.84],14.33,14.33,277.82,277.82,,28.45,,62.29
567,RR,1,1,7,2254.97,[182.13, 182.13, 182.13],28.23,-373.2,613.18,239.98,2655.68,-0.72,2837.81,-4.27
568,RR,2,2,27,2255.16,[283.8, 141.9, 141.9],24.88,-410.21,579.62,169.41,2684.01,-6.24,2825.91,-2.0
569,RR,1,1,9,2255.56,[218.63, 218.63, 218.63],11.82,-341.86,644.44,302.58,2604.82,-4.42,2823.45,-4.46
570,RW,2,2,30,2256.24,[295.12, 147.56, 147.56],23.37,-376.79,572.4,195.61,2649.13,-7.27,2796.69,-0.9
571,RR,3,0,0,2256.57,[1108.51, 554.25, 30.48],20.25,20.25,272.03,272.03,,22.11,,52.59
572,RR,1,1,11,2260.51,[211.11, 211.11, 211.11],25.97,-322.76,710.12,387.36,2608.86,-0.38,2819.97,-0.29
573,RR,2,0,0,2260.84,[286.11, 143.06, 143.06],26.89,26.89,487.05,487.05,,26.89,,169.95
574,RW,1,1,12,2268.29,[225.48, 225.48, 225.48],24.14,-369.7,696.8,327.1,2661.04,-1.09,2886.52,-1.63
575,RR,3,0,0,2270.0,[1224.63, 612.31, 33.68],19.04,19.04,254.07,254.07,,19.04,,52.72
576,RR,1,1,13,2270.35,[209.88, 209.88, 209.88],14.06,-408.1,647.43,239.33,2690.79,-1.72,2900.67,-0.64
577,RR,2,0,0,2270.49,[308.96, 154.48, 154.48],18.67,18.67,528.84,528.84,,18.67,,173.15
578,RR,1,1,14,2272.6,[224.67, 224.67, 224.67],14.29,-331.98,613.94,281.96,2618.66,-0.21,2843.33,-3.66
579,RW,2,0,0,2274.86,[295.28, 147.64, 147.64],28.48,28.48,555.5,555.5,,28.48,,176.12
580,RR,1,1,15,2288.36,[190.88, 190.88, 190.88],22.63,-415.9,683.33,267.43,2725.01,-1.88,2915.89,-4.74
581,RR,3,0,0,2290.92,[1231.34, 615.67, 33.86],7.54,7.54,290.55,290.55,,130.07,,163.93
582,RR,2,2,23,2305.69,[301.37, 150.68, 150.68],19.2,-369.23,540.05,170.82,2693.99,-0.13,2844.67,-2.32
583,RW,1,1,5,2307.27,[182.42, 182.42, 182.42],11.51,-463.84,667.34,203.5,2782.25,-0.37,2964.67,-4.48
584,RR,3,0,0,2317.07,[1312.14, 656.07, 36.08],29.32,29.32,278.67,278.67,,103.92,,140.0
585,RR,1,1,16,2321.19,[221.12, 221.12, 221.12],14.18,-444.93,686.08,241.15,2778.17,-2.13,2999.29,-3.66
586,RR,2,2,24,2326.55,[281.42, 140.71, 140.71],15.52,-384.82,559.28,174.46,2726.53,-0.36,2867.24,-8.08
587,RW,1,1,2,2327.69,[191.27, 191.27, 191.27],7.88,-506.51,705.63,199.12,2837.22,-4.86,3028.49,-8.01
588,RR,2,2,25,2331.48,[295.42, 147.71, 147.71],24.88,-423.94,597.88,173.94,2779.49,-0.81,2927.2,-0.67
589,RR,1,1,17,2332.12,[227.51, 227.51, 227.51],11.87,-288.11,612.43,324.32,2624.47,-7.63,2851.98,-1.73
590,RR,3,0,0,2332.14,[1104.43, 552.22, 30.37],23.62,23.62,250.12,250.12,,88.85,,119.22
591,RR,2,0,0,2335.51,[323.62, 161.81, 161.81],23.96,23.96,486.85,486.85,,85.48,,247.29
592,RW,1,1,3,2337.79,[184.19, 184.19, 184.19],7.29,-460.02,681.8,221.78,2804.57,-0.53,2988.76,-2.4
593,RR,3,3,31,2340.02,[1156.36, 578.18, 31.8],6.82,-205.73,244.93,39.2,2552.21,-0.36,2584.01,-4.16
594,RR,1,1,1,2345.86,[195.53, 195.53, 195.53],6.43,-501.42,713.74,212.32,2852.85,-0.86,3048.38,-1.23
595,RR,2,2,26,2355.44,[262.25, 131.12, 131.12],6.85,-399.71,554.55,154.84,2758.4,-3.6,2889.52,-4.58
596,RW,1,1,18,2358.44,[186.48, 186.48, 186.48],13.32,-205.89,606.91,401.02,2574.3,-3.35,2760.78,-1.22
597,RR,2,2,28,2361.78,[276.56, 138.28, 138.28],9.37,-387.02,557.33,170.31,2755.24,-2.93,2893.52,-0.58
598,RR,1,1,6,2362.99,[192.15, 192.15, 192.15],12.06,-471.94,675.95,204.01,2843.93,-3.06,3036.08,-0.42
599,RR,3,0,0,2363.44,[1266.52, 633.26, 34.83],15.68,15.68,243.7,243.7,,57.55,,92.38
600,RW,1,1,18,2367.44,[226.14, 226.14, 226.14],25.38,-369.18,648.99,279.81,2760.78,-1.22,2986.92,-4.24
601,RR,2,2,29,2369.14,[295.08, 147.54, 147.54],8.29,-312.82,514.07,201.25,2683.69,-6.56,2831.23,-0.79
602,RR,3,0,0,2370.32,[1068.37, 534.18, 29.38],22.78,22.78,273.18,273.18,,50.67,,80.05
603,RR,1,1,10,2371.53,[209.08, 209.08, 209.08],27.16,-404.49,651.78,247.29,2800.15,-3.03,3009.23,-0.06
604,RR,2,2,22,2373.17,[258.75, 129.37, 129.37],15.84,-400.66,562.46,161.8,2787.71,-1.96,2917.08,-3.55
605,RW,1,1,19,2377.01,[215.51, 215.51, 215.51],10.91,-439.99,653.97,213.98,2821.36,-6.55,3036.87,-5.3
606,RR,3,0,0,2379.55,[1319.76, 659.88, 36.29],22.9,22.9,240.4,240.4,,41.44,,77.73
607,RR,1,1,7,2382.43,[218.36, 218.36, 218.36],13.29,-446.36,680.99,234.63,2837.81,-4.27,3056.17,-1.16
608,RR,2,3,32,2383.14,[259.2, 129.6, 129.6],16.47,-365.95,519.32,153.37,2762.78,-2.78,2892.38,-1.72
609,RW,1,1,8,2386.82,[215.95, 215.95, 215.95],11.42,-465.96,692.39,226.43,2861.31,-2.89,3077.26,-0.31
610,RR,2,0,0,2388.21,[303.59, 151.8, 151.8],22.92,22.92,499.88,499.88,,32.78,,184.58
611,RR,3,0,0,2388.7,[1266.36, 633.18, 34.82],28.45,28.45,269.83,269.83,,32.29,,67.11
612,RR,1,1,4,2404.06,[203.7, 203.7, 203.7],25.5,-458.59,689.31,230.72,2887.7,-0.45,3091.4,-5.69
613,RR,2,2,23,2410.46,[269.97, 134.98, 134.98],24.86,-411.67,586.88,175.21,2844.67,-2.32,2979.65,-2.22
614,RW,1,1,19,2410.94,[190.86, 190.86, 190.86],27.59,-193.57,597.21,403.64,2630.5,-1.6,2821.36,-6.55
615,RR,3,0,0,2412.22,[1207.77, 603.89, 33.21],18.42,18.42,268.62,268.62,,18.42,,51.63
616,RR,1,1,9,2413.5,[222.67, 222.67, 222.67],14.79,-399.62,689.0,289.38,2823.45,-4.46,3046.12,-0.01
617,RR,2,2,27,2419.39,[320.31, 160.16, 160.16],24.44,-384.08,598.17,214.09,2825.91,-2.0,2986.07,-5.09
618,RW,1,1,11,2424.06,[207.8, 207.8, 207.8],10.29,-385.91,717.33,331.42,2819.97,-0.29,3027.77,-8.73
619,RR,2,2,29,2438.05,[276.46, 138.23, 138.23],14.02,-379.95,540.29,160.34,2831.23,-0.79,2969.46,-5.66
620,RR,1,1,12,2443.63,[181.64, 181.64, 181.64],24.54,-419.98,685.88,265.9,2886.52,-1.63,3068.16,-4.71
621,RR,3,0,0,2445.79,[1235.23, 617.62, 33.97],19.42,19.42,273.67,273.67,,106.42,,140.39
622,RW,2,2,30,2445.84,[306.36, 153.18, 153.18],6.24,-345.51,546.06,200.55,2796.69,-0.9,2949.87,-2.16
623,RR,1,1,20,2453.04,[209.21, 209.21, 209.21],21.55,-231.43,593.55,362.12,2698.17,-7.85,2907.38,-3.25
624,RR,3,0,0,2459.85,[1240.45, 620.22, 34.11],8.14,8.14,271.87,271.87,,92.36,,126.47
625,RR,1,1,13,2460.98,[209.6, 209.6, 209.6],11.39,-428.94,671.03,242.09,2900.67,-0.64,3110.27,-3.24
626,RR,2,3,31,2465.11,[280.84, 140.42, 140.42],12.13,-350.67,487.87,137.2,2822.02,-5.89,2962.44,-0.32
627,RW,1,1,14,2475.45,[208.72, 208.72, 208.72],22.84,-348.7,689.13,340.43,2843.33,-3.66,3052.05,-3.62
628,RR,2,2,24,2477.62,[325.41, 162.71, 162.71],14.66,-383.04,563.58,180.54,2867.24,-8.08,3029.95,-6.55
629,RR,1,1,17,2478.04,[203.04, 203.04, 203.04],16.15,-359.52,589.79,230.27,2851.98,-1.73,3055.02,-0.65
630,RR,3,0,0,2478.22,[1072.02, 536.01, 29.48],29.5,29.5,274.6,274.6,,73.99,,103.47
631,RW,2,0,0,2481.23,[276.33, 138.17, 138.17],22.18,22.18,503.25,503.25,,70.98,,209.15
632,RR,1,1,15,2485.66,[194.09, 194.09, 194.09],21.3,-413.67,630.8,217.13,2915.89,-4.74,3109.98,-3.53
633,RR,3,0,0,2493.99,[1201.29, 600.65, 33.04],13.85,13.85,244.39,244.39,,58.22,,91.26
634,RR,1,1,21,2499.0,[226.41, 226.41, 226.41],14.52,-230.84,578.72,347.88,2742.35,-2.01,2968.76,-0.39
635,RW,2,3,32,2508.04,[297.5, 148.75, 148.75],27.79,-358.27,516.45,158.18,2892.38,-1.72,3041.13,-1.04
636,RR,1,1,5,2515.73,[211.26, 211.26, 211.26],28.61,-424.81,679.64,254.83,2964.67,-4.48,3175.93,-0.57
637,RR,2,2,22,2519.71,[317.37, 158.69, 158.69],14.87,-386.05,565.44,179.39,2917.08,-3.55,3075.77,-1.8
638,RR,1,1,20,2520.7,[181.68, 181.68, 181.68],21.64,-368.29,618.32,250.03,2907.38,-3.25,3089.06,-8.03
639,RR,3,3,32,2533.22,[1303.86, 651.93, 35.86],5.21,-192.75,269.92,77.17,2726.92,-4.26,2762.78,-2.78
640,RW,1,1,3,2534.81,[203.87, 203.87, 203.87],5.67,-450.68,669.82,219.14,2988.76,-2.4,3192.63,-9.85
641,RR,2,2,23,2541.26,[279.24, 139.62, 139.62],28.88,-411.73,597.95,186.22,2979.65,-2.22,3119.27,-6.68
642,RR,3,3,31,2552.57,[1164.36, 582.18, 32.02],28.54,-212.04,293.11,81.07,2790.0,-3.15,2822.02,-5.89
643,RR,1,1,18,2552.88,[196.95, 196.95, 196.95],15.21,-423.07,635.84,212.77,2986.92,-4.24,3183.87,-3.78
644,RW,2,2,25,2557.53,[295.04, 147.52, 147.52],22.95,-347.39,538.34,190.95,2927.2,-0.67,3074.72,-0.99
645,RR,1,1,21,2564.19,[223.95, 223.95, 223.95],24.68,-380.28,655.65,275.37,2968.76,-0.39,3192.71,-9.77
646,RR,2,2,26,2577.65,[304.83, 152.42, 152.42],29.96,-286.49,541.29,254.8,2889.52,-4.58,3041.94,-0.23
647,RR,1,1,1,2581.62,[200.31, 200.31, 200.31],23.62,-444.37,710.36,265.99,3048.38,-1.23,3248.69,-7.71
648,RW,3,0,0,2588.17,[1076.41, 538.2, 29.6],10.24,10.24,285.76,285.76,,201.83,,231.43
649,RR,1,2,28,2592.31,[192.53, 192.53, 192.53],18.22,-283.57,582.09,298.52,2893.52,-0.58,3086.05,-11.04
650,RR,2,2,29,2593.94,[267.77, 133.88, 133.88],12.84,-368.34,517.0,148.66,2969.46,-5.66,3103.34,-1.53
651,RR,3,0,0,2598.64,[1109.79, 554.89, 30.52],20.66,20.66,289.23,289.23,,191.36,,221.88
652,RR,1,1,2,2599.97,[191.64, 191.64, 191.64],27.14,-409.39,704.24,294.85,3028.49,-8.01,3220.13,-8.41
653,RW,2,2,30,2609.24,[297.14, 148.57, 148.57],26.33,-316.46,502.65,186.19,2949.87,-2.16,3098.44,-1.73
654,RR,1,3,31,2614.72,[228.44, 228.44, 228.44],25.36,-358.3,584.37,226.07,2994.49,-3.89,3222.93,-5.61
655,RR,2,2,27,2618.87,[299.63, 149.81, 149.81],12.29,-360.0,545.56,185.56,2986.07,-5.09,3135.88,-4.18
656,RR,1,1,10,2623.4,[196.65, 196.65, 196.65],8.74,-377.15,587.07,209.92,3009.23,-0.06,3205.88,-22.66
657,RW,3,0,0,2632.1,[1279.98, 639.99, 35.2],23.74,23.74,265.52,265.52,,157.9,,193.1
658,RR,1,1,4,2634.53,[223.21, 223.21, 223.21],27.3,-435.26,711.25,275.99,3091.4,-5.69,3314.61,-2.39
659,RR,2,2,22,2641.22,[265.53, 132.77, 132.77],20.93,-415.42,569.61,154.19,3075.77,-1.8,3208.54,-20.0
660,RR,1,1,16,2641.33,[217.26, 217.26, 217.26],23.79,-337.83,581.47,243.64,2999.29,-3.66,3216.55,-11.99
661,RW,2,2,24,2641.48,[267.7, 133.85, 133.85],15.76,-379.26,523.96,144.7,3029.95,-6.55,3163.8,-0.67
662,RR,3,0,0,2646.79,[1062.02, 531.01, 29.21],9.22,9.22,259.3,259.3,,143.21,,172.42
663,RR,1,1,6,2656.4,[206.02, 206.02, 206.02],8.23,-371.87,699.12,327.25,3036.08,-0.42,3242.1,-2.53
664,RR,2,2,25,2659.04,[320.86, 160.43, 160.43],8.06,-408.61,599.59,190.98,3074.72,-0.99,3235.15,-3.02
665,RR,1,1,7,2662.13,[178.49, 178.49, 178.49],14.19,-381.01,677.25,296.24,3056.17,-1.16,3234.66,-3.51
666,RW,3,0,0,2664.16,[1110.06, 555.03, 30.53],18.06,18.06,245.62,245.62,,125.84,,156.37
667,RR,1,1,9,2669.33,[226.57, 226.57, 226.57],7.29,-369.51,632.17,262.66,3046.12,-0.01,3272.69,-2.27
668,RR,2,2,26,2676.24,[258.86, 129.43, 129.43],10.24,-355.69,535.7,180.01,3041.94,-0.23,3171.37,-1.42
669,RR,1,1,11,2676.46,[219.43, 219.43, 219.43],28.98,-331.06,577.68,246.62,3027.77,-8.73,3247.2,-9.2
670,RW,2,3,32,2690.25,[254.68, 127.34, 127.34],26.5,-356.12,482.85,126.73,3070.46,-2.41,3197.8,-4.68
671,RR,3,0,0,2692.51,[1093.58, 546.79, 30.07],26.88,26.88,264.36,264.36,,97.49,,127.56
672,RR,1,1,8,2694.12,[227.1, 227.1, 227.1],12.94,-370.51,620.37,249.86,3077.26,-0.31,3304.36,-0.72
673,RR,2,2,23,2706.02,[254.67, 127.34, 127.34],13.09,-406.84,596.29,189.45,3119.27,-6.68,3246.61,-9.79
674,RW,1,1,12,2718.65,[216.75, 216.75, 216.75],8.74,-345.48,670.87,325.39,3068.16,-4.71,3284.91,-3.22
675,RR,3,3,31,2719.89,[1165.61, 582.8, 32.05],15.05,-227.82,276.11,48.29,2962.44,-0.32,2994.49,-3.89
676,RR,1,1,13,2724.55,[226.65, 226.65, 226.65],16.33,-372.63,663.08,290.45,3110.27,-3.24,3336.92,-3.21
677,RR,2,2,28,2726.89,[277.81, 138.9, 138.9],23.08,-347.12,537.64,190.52,3086.05,-11.04,3224.95,-3.59
678,RR,1,1,14,2731.18,[194.43, 194.43, 194.43],10.09,-314.4,612.87,298.47,3052.05,-3.62,3246.48,-9.92
679,RW,2,2,27,2738.42,[288.21, 144.1, 144.1],19.82,-381.82,550.81,168.99,3135.88,-4.18,3279.98,-4.25
680,RR,1,1,3,2744.36,[228.72, 228.72, 228.72],21.85,-436.27,687.82,251.55,3192.63,-9.85,3421.35,-11.0
681,RR,3,0,0,2744.63,[1122.89, 561.44, 30.88],7.96,7.96,252.94,252.94,,45.37,,76.25
682,RR,2,2,29,2744.89,[290.78, 145.39, 145.39],22.93,-337.05,510.14,173.09,3103.34,-1.53,3248.73,-7.67
683,RW,1,1,2,2748.76,[196.6, 196.6, 196.6],9.27,-470.51,695.2,224.69,3220.13,-8.41,3416.73,-15.62
684,RR,3,0,0,2758.17,[1074.6, 537.3, 29.55],28.5,28.5,270.92,270.92,,31.83,,61.38
685,RR,1,1,15,2762.0,[197.5, 197.5, 197.5],13.65,-337.86,584.37,246.51,3109.98,-3.53,3307.48,-4.5
686,RR,2,2,24,2765.56,[292.62, 146.31, 146.31],6.47,-392.44,571.36,178.92,3163.8,-0.67,3310.11,-1.87
687,RW,1,1,1,2766.82,[186.08, 186.08, 186.08],13.63,-475.95,677.55,201.6,3248.69,-7.71,3434.77,-1.27
688,RR,2,2,22,2774.69,[255.33, 127.66, 127.66],29.24,-424.61,598.83,174.22,3208.54,-20.0,3336.2,-3.93
689,RR,1,1,5,2780.3,[223.25, 223.25, 223.25],15.8,-380.4,714.28,333.88,3175.93,-0.57,3399.18,-2.78
690,RR,3,0,0,2782.62,[1213.9, 606.95, 33.38],12.92,12.92,277.39,277.39,,12.92,,46.3
691,RR,2,2,30,2783.23,[294.07, 147.04, 147.04],26.83,-290.11,515.6,225.49,3098.44,-1.73,3245.48,-10.92
692,RW,1,1,6,2784.12,[206.84, 206.84, 206.84],20.02,-440.49,697.11,256.62,3242.1,-2.53,3448.94,-0.42
693,RR,3,0,0,2786.87,[1276.57, 638.29, 35.11],18.26,18.26,282.76,282.76,,18.26,,53.37
694,RR,1,1,7,2787.15,[192.79, 192.79, 192.79],7.5,-443.52,643.14,199.62,3234.66,-3.51,3427.45,-4.9
695,RR,2,0,0,2789.67,[296.4, 148.2, 148.2],5.05,5.05,512.42,512.42,,5.05,,153.25
696,RW,1,1,10,2793.15,[228.26, 228.26, 228.26],8.87,-426.52,641.68,215.16,3205.88,-22.66,3434.14,-1.9
697,RR,2,0,0,2795.07,[299.21, 149.6, 149.6],29.75,29.75,494.49,494.49,,29.75,,179.35
698,RR,1,1,17,2797.59,[216.3, 216.3, 216.3],19.7,-238.38,622.22,383.84,3055.02,-0.65,3271.32,-3.64
699,RR,3,0,0,2803.18,[1210.98, 605.49, 33.3],24.68,24.68,267.5,267.5,,24.68,,57.98
700,RW,1,1,19,2804.08,[223.67, 223.67, 223.67],12.59,-225.5,581.23,355.73,3036.87,-5.3,3260.54,-6.5
701,RR,2,0,0,2805.1,[276.89, 138.45, 138.45],6.35,6.35,491.24,491.24,,16.92,,155.37
702,RR,3,3,32,2818.26,[1066.68, 533.34, 29.33],13.57,-210.34,255.78,45.44,3041.13,-1.04,3070.46,-2.41
703,RR,1,1,9,2818.27,[183.45, 183.45, 183.45],12.35,-444.34,660.7,216.36,3272.69,-2.27,3456.14,-1.89
704,RR,2,2,23,2820.26,[294.04, 147.02, 147.02],28.56,-407.58,593.23,185.65,3246.61,-9.79,3393.63,-0.6
705,RW,1,1,16,2827.91,[181.52, 181.52, 181.52],22.09,-378.54,596.4,217.86,3216.55,-11.99,3398.07,-3.89
706,RR,3,0,0,2830.44,[1252.79, 626.39, 34.45],14.17,14.17,275.47,275.47,,132.0,,166.45
707,RR,1,1,11,2831.14,[213.48, 213.48, 213.48],9.33,-415.93,672.84,256.91,3247.2,-9.2,3460.68,-0.61
708,RR,2,2,25,2832.02,[286.69, 143.35, 143.35],19.12,-387.03,580.16,193.13,3235.15,-3.02,3378.5,-1.65
709,RW,1,1,4,2832.98,[180.91, 180.91, 180.91],5.33,-478.69,688.98,210.29,3314.61,-2.39,3495.52,-10.88
710,RR,2,2,26,2842.08,[273.65, 136.83, 136.83],27.99,-302.72,485.02,182.3,3171.37,-1.42,3308.2,-3.78
711,RR,3,0,0,2842.19,[1067.95, 533.97, 29.37],7.98,7.98,273.61,273.61,,120.25,,149.62
712,RR,1,1,18,2842.81,[225.5, 225.5, 225.5],21.07,-323.77,587.54,263.77,3183.87,-3.78,3409.37,-7.16
713,RR,2,2,28,2846.99,[287.82, 143.91, 143.91],28.39,-353.16,524.45,171.29,3224.95,-3.59,3368.86,-1.18
714,RW,1,1,14,2847.16,[217.24, 217.24, 217.24],19.65,-389.59,653.47,263.88,3246.48,-9.92,3463.72,-9.24
715,RR,3,0,0,2853.71,[1171.44, 585.72, 32.21],22.64,22.64,248.82,248.82,,108.73,,140.94
716,RR,1,1,8,2854.18,[187.67, 187.67, 187.67],17.76,-433.14,715.45,282.31,3304.36,-0.72,3492.03,-1.98
717,RR,2,2,27,2856.05,[258.97, 129.48, 129.48],12.83,-415.35,576.4,161.05,3279.98,-4.25,3409.46,-7.07
718,RW,1,1,12,2864.2,[219.12, 219.12, 219.12],7.51,-416.42,716.16,299.74,3284.91,-3.22,3504.03,-2.37
719,RR,2,2,24,2875.32,[269.3, 134.65, 134.65],7.48,-429.18,569.75,140.57,3310.11,-1.87,3444.76,-0.99
720,RR,1,1,17,2876.1,[187.76, 187.76, 187.76],11.29,-387.57,604.11,216.54,3271.32,-3.64,3459.08,-2.21
721,RR,3,0,0,2877.09,[1291.85, 645.92, 35.53],13.01,13.01,280.98,280.98,,85.35,,120.88
722,RW,2,2,29,2884.42,[286.62, 143.31, 143.31],15.59,-356.39,543.77,187.38,3248.73,-7.67,3392.04,-2.19
723,RR,1,1,19,2888.15,[203.6, 203.6, 203.6],8.85,-370.04,594.24,224.2,3260.54,-6.5,3464.14,-8.82
724,RR,3,0,0,2894.1,[1060.62, 530.31, 29.17],7.25,7.25,248.28,248.28,,68.34,,97.51
725,RR,1,1,15,2898.2,[198.68, 198.68, 198.68],15.34,-398.44,626.82,228.38,3307.48,-4.5,3506.16,-0.24
726,RR,2,2,30,2898.35,[260.38, 130.19, 130.19],19.29,-338.76,484.86,146.1,3245.48,-10.92,3375.67,-1.08
727,RW,1,1,13,2901.31,[202.77, 202.77, 202.77],14.59,-424.23,675.14,250.91,3336.92,-3.21,3539.69,-0.83
728,RR,2,3,32,2905.59,[299.34, 149.67, 149.67],24.65,-272.24,529.88,257.64,3197.8,-4.68,3347.47,-0.62
729,RR,1,1,20,2910.63,[219.05, 219.05, 219.05],15.79,-170.67,627.83,457.16,3089.06,-8.03,3308.11,-3.87
730,RR,3,0,0,2912.13,[1164.03, 582.02, 32.01],22.58,22.58,291.79,291.79,,50.31,,82.32
731,RW,2,3,31,2913.48,[304.45, 152.22, 152.22],12.81,-366.55,519.74,153.19,3289.29,-3.55,3441.51,-0.04
732,RR,1,1,20,2914.99,[215.28, 215.28, 215.28],18.4,-378.59,609.51,230.92,3308.11,-3.87,3523.39,-1.87
733,RR,3,0,0,2920.63,[1278.75, 639.37, 35.17],13.04,13.04,289.38,289.38,,41.81,,76.98
734,RR,1,1,2,2927.87,[193.5, 193.5, 193.5],28.92,-475.56,694.25,218.69,3416.73,-15.62,3610.23,-14.42
735,RW,2,2,26,2929.18,[281.31, 140.65, 140.65],22.66,-360.14,534.81,174.67,3308.2,-3.78,3448.85,-0.51
736,RR,1,1,21,2929.82,[201.45, 201.45, 201.45],26.82,-245.84,577.43,331.59,3192.71,-9.77,3394.16,-0.07
737,RR,2,0,0,2935.22,[308.65, 154.32, 154.32],29.99,29.99,505.51,505.51,,29.99,,184.31
738,RR,1,1,5,2935.42,[191.58, 191.58, 191.58],18.58,-447.96,670.32,222.36,3399.18,-2.78,3590.76,-0.51
739,RR,3,0,0,2942.35,[1073.14, 536.57, 29.51],9.54,9.54,278.64,278.64,,20.09,,49.6
740,RW,1,1,1,2942.39,[178.29, 178.29, 178.29],6.92,-486.73,691.06,204.33,3434.77,-1.27,3613.06,-11.59
741,RR,2,0,0,2943.72,[304.03, 152.01, 152.01],25.84,25.84,484.85,484.85,,25.84,,177.85
742,RR,3,0,0,2944.08,[1158.97, 579.48, 31.87],19.83,19.83,271.19,271.19,,19.83,,51.7
743,RR,1,2,22,2944.23,[199.94, 199.94, 199.94],22.3,-373.6,645.04,271.44,3336.2,-3.93,3536.14,-1.46
744,RW,2,2,25,2948.26,[316.36, 158.18, 158.18],19.59,-412.3,597.97,185.67,3378.5,-1.65,3536.68,-0.92
745,RR,1,1,3,2952.03,[193.75, 193.75, 193.75],11.52,-468.8,714.06,245.26,3421.35,-11.0,3615.1,-9.55
746,RR,2,0,0,2952.76,[264.16, 132.08, 132.08],11.4,11.4,481.81,481.81,,11.4,,143.48
747,RR,1,3,32,2953.03,[188.17, 188.17, 188.17],14.95,-380.11,583.3,203.19,3347.47,-0.62,3535.64,-1.96
748,RW,3,0,0,2954.2,[1123.58, 561.79, 30.9],27.5,27.5,285.7,285.7,,27.5,,58.4
749,RR,1,1,16,2962.76,[222.29, 222.29, 222.29],5.75,-433.45,686.94,253.49,3398.07,-3.89,3620.36,-4.29
750,RR,2,0,0,2969.15,[279.51, 139.75, 139.75],18.89,18.89,510.04,510.04,,25.34,,165.09
751,RR,3,0,0,2975.12,[1197.12, 598.56, 32.92],15.25,15.25,275.89,275.89,,19.37,,52.29
752,RR,1,1,4,2977.19,[179.36, 179.36, 179.36],18.08,-511.13,708.7,197.57,3495.52,-10.88,3674.88,-3.75
753,RW,2,2,23,2981.87,[281.7, 140.85, 140.85],19.37,-392.99,581.85,188.86,3393.63,-0.6,3534.48,-3.12
754,RR,1,1,7,2991.16,[197.03, 197.03, 197.03],17.43,-423.76,640.19,216.43,3427.45,-4.9,3624.48,-0.17
755,RR,2,2,27,2998.38,[303.93, 151.97, 151.97],27.88,-390.27,579.33,189.06,3409.46,-7.07,3561.43,-1.31
756,RR,1,1,18,3002.95,[221.01, 221.01, 221.01],14.05,-399.53,632.51,232.98,3409.37,-7.16,3630.38,-3.03
757,RW,3,3,31,3009.29,[1131.73, 565.86, 31.12],5.41,-213.84,268.06,54.22,3222.93,-5.61,3254.05,-2.35
758,RR,1,1,6,3014.45,[186.54, 186.54, 186.54],28.26,-406.65,657.77,251.12,3448.94,-0.42,3635.48,-10.82
759,RR,2,2,28,3018.0,[285.82, 142.91, 142.91],9.53,-342.51,526.02,183.51,3368.86,-1.18,3511.77,-3.23
760,RR,1,1,21,3021.73,[215.93, 215.93, 215.93],9.14,-363.36,588.62,225.26,3394.16,-0.07,3610.09,-14.56
761,RW,2,2,29,3021.83,[298.06, 149.03, 149.03],12.33,-360.07,544.99,184.92,3392.04,-2.19,3541.07,-4.65
762,RR,3,3,31,3025.59,[1281.41, 640.7, 35.24],21.63,-209.18,270.04,60.86,3254.05,-2.35,3289.29,-3.55
763,RR,1,1,8,3036.5,[202.44, 202.44, 202.44],28.4,-429.11,717.18,288.07,3492.03,-1.98,3694.47,-1.16
764,RR,2,2,24,3042.17,[262.62, 131.31, 131.31],16.28,-387.3,543.64,156.34,3444.76,-0.99,3576.07,-7.94
765,RR,1,1,10,3046.13,[211.26, 211.26, 211.26],28.0,-361.91,615.85,253.94,3434.14,-1.9,3645.4,-0.9
766,RW,3,0,0,3049.61,[1309.49, 654.75, 36.01],13.52,13.52,255.07,255.07,,173.32,,209.33
767,RR,1,1,9,3050.3,[182.73, 182.73, 182.73],20.83,-386.9,676.47,289.57,3456.14,-1.89,3638.87,-7.43
768,RR,2,2,26,3055.67,[254.76, 127.38, 127.38],16.04,-377.65,571.74,194.09,3448.85,-0.51,3576.23,-7.78
769,RR,1,1,11,3057.33,[184.57, 184.57, 184.57],26.93,-377.03,609.22,232.19,3460.68,-0.61,3645.25,-1.05
770,RW,2,2,30,3066.34,[310.32, 155.16, 155.16],18.77,-291.64,563.0,271.36,3375.67,-1.08,3530.83,-1.64
771,RR,3,0,0,3072.87,[1122.83, 561.42, 30.88],7.26,7.26,295.9,295.9,,150.06,,180.94
772,RR,1,0,0,3075.71,[220.3, 220.3, 220.3],17.5,17.5,583.38,583.38,,147.22,,367.52
773,RR,2,0,0,3077.57,[311.37, 155.69, 155.69],8.22,8.22,514.07,514.07,,145.36,,301.05
774,RW,1,1,14,3078.78,[205.18, 205.18, 205.18],23.01,-371.17,624.24,253.07,3463.72,-9.24,3668.9,-0.78
775,RR,3,0,0,3080.34,[1306.38, 653.19, 35.93],5.19,5.19,270.54,270.54,,142.59,,178.52
776,RR,1,1,12,3083.69,[228.3, 228.3, 228.3],19.38,-403.33,698.48,295.15,3504.03,-2.37,3732.33,-0.47
777,RR,2,0,0,3097.09,[296.07, 148.04, 148.04],11.66,11.66,482.4,482.4,,125.84,,273.88
778,RR,1,1,13,3097.45,[210.94, 210.94, 210.94],10.92,-432.15,669.13,236.98,3539.69,-0.83,3750.63,-2.29
779,RW,2,3,31,3097.64,[311.97, 155.98, 155.98],26.69,-348.63,535.25,186.62,3471.61,-1.35,3627.59,-0.24
780,RR,1,1,15,3100.17,[226.01, 226.01, 226.01],8.65,-397.58,660.61,263.03,3506.16,-0.24,3732.17,-0.63
781,RR,3,0,0,3104.87,[1114.49, 557.25, 30.65],24.69,24.69,241.05,241.05,,118.06,,148.71
782,RR,2,0,0,3107.18,[304.56, 152.28, 152.28],13.44,13.44,527.02,527.02,,115.75,,268.03
783,RW,1,1,5,3113.51,[221.66, 221.66, 221.66],22.81,-454.95,713.41,258.46,3590.76,-0.51,3812.42,-2.23
784,RR,3,0,0,3114.41,[1101.03, 550.52, 30.28],9.28,9.28,282.27,282.27,,108.52,,138.8
785,RR,1,1,17,3116.99,[190.89, 190.89, 190.89],17.42,-326.88,655.2,328.32,3459.08,-2.21,3649.97,-10.29
786,RR,2,2,28,3125.95,[297.63, 148.81, 148.81],11.17,-377.88,541.97,164.09,3511.77,-3.23,3660.58,-5.35
787,RW,1,1,1,3129.42,[212.9, 212.9, 212.9],12.44,-482.79,704.19,221.4,3613.06,-11.59,3825.96,-1.3
788,RR,2,0,0,3140.06,[324.66, 162.33, 162.33],18.61,18.61,539.75,539.75,,82.87,,245.2
789,RR,1,1,19,3141.95,[209.21, 209.21, 209.21],18.51,-312.5,604.63,292.13,3464.14,-8.82,3673.35,-0.13
790,RR,3,0,0,3143.26,[1178.17, 589.08, 32.4],6.77,6.77,243.88,243.88,,79.67,,112.07
791,RR,2,2,22,3144.84,[301.16, 150.58, 150.58],8.26,-384.5,558.38,173.88,3536.14,-1.46,3686.72,-0.96
792,RW,1,1,20,3147.79,[185.2, 185.2, 185.2],18.77,-358.7,610.58,251.88,3523.39,-1.87,3708.59,-4.0
793,RR,3,0,0,3148.25,[1223.17, 611.59, 33.64],19.2,19.2,292.41,292.41,,74.68,,108.32
794,RR,1,2,23,3149.38,[220.1, 220.1, 220.1],28.62,-359.6,666.94,307.34,3534.48,-3.12,3754.58,-0.26
795,RR,2,2,25,3153.02,[288.89, 144.44, 144.44],27.01,-357.57,543.31,185.74,3536.68,-0.92,3681.12,-3.55
796,RW,1,2,30,3155.49,[206.52, 206.52, 206.52],25.75,-351.23,588.54,237.31,3530.83,-1.64,3737.35,-5.51
797,RR,2,2,27,3156.28,[306.93, 153.46, 153.46],18.09,-388.37,569.26,180.89,3561.43,-1.31,3714.89,-0.79
798,RR,1,1,2,3159.93,[228.79, 228.79, 228.79],28.32,-436.4,698.28,261.88,3610.23,-14.42,3839.02,-1.36
799,RR,3,0,0,3160.04,[1226.5, 613.25, 33.73],21.85,21.85,256.28,256.28,,62.89,,96.62
800,RW,1,2,29,3164.47,[207.49, 207.49, 207.49],13.51,-367.74,614.96,247.22,3541.07,-4.65,3748.56,-4.36
801,RR,2,2,24,3172.79,[267.29, 133.64, 133.64],19.09,-392.13,549.81,157.68,3576.07,-7.94,3709.71,-2.88
802,RR,3,0,0,3176.5,[1149.31, 574.66, 31.61],9.62,9.62,264.62,264.62,,46.43,,78.04
803,RR,1,1,3,3177.5,[185.46, 185.46, 185.46],24.17,-422.98,626.49,203.51,3615.1,-9.55,3800.56,-0.42
804,RR,2,0,0,3180.78,[278.69, 139.34, 139.34],25.73,25.73,489.07,489.07,,42.15,,181.49
805,RW,1,3,32,3187.65,[225.97, 225.97, 225.97],20.2,-329.75,577.91,248.16,3535.64,-1.96,3761.61,-1.8
806,RR,3,0,0,3187.76,[1038.71, 519.35, 28.56],26.1,26.1,247.52,247.52,,35.17,,63.73
807,RR,1,2,26,3202.48,[217.91, 217.91, 217.91],7.28,-374.25,624.08,249.83,3576.23,-7.78,3794.14,-0.27
808,RR,2,0,0,3228.54,[320.56, 160.28, 160.28],12.66,12.66,492.4,492.4,,25.51,,185.79
809,RW,1,1,6,3231.27,[182.93, 182.93, 182.93],5.41,-409.62,601.99,192.37,3635.48,-10.82,3818.41,-8.85
810,RR,2,3,31,3232.4,[273.37, 136.69, 136.69],10.26,-385.17,541.86,156.69,3627.59,-0.24,3764.28,-2.94
811,RR,3,3,31,3233.05,[1094.72, 547.36, 30.1],9.75,-198.75,296.83,98.08,3441.51,-0.04,3471.61,-1.35
812,RR,1,1,7,3238.17,[225.86, 225.86, 225.86],5.52,-380.96,621.96,241.0,3624.48,-0.17,3850.34,-3.0
813,RR,2,0,0,3238.9,[258.3, 129.15, 129.15],27.35,27.35,517.7,517.7,,27.35,,156.5
814,RW,1,1,4,3244.63,[199.39, 199.39, 199.39],21.44,-412.56,639.43,226.87,3674.88,-3.75,3874.27,-12.02
815,RR,3,0,0,3256.4,[1178.32, 589.16, 32.4],5.51,5.51,257.32,257.32,,32.89,,65.29
816,RR,1,1,8,3257.51,[185.84, 185.84, 185.84],16.09,-422.03,631.48,209.45,3694.47,-1.16,3880.31,-5.98
817,RR,2,2,28,3267.04,[312.17, 156.09, 156.09],18.22,-380.67,565.9,185.23,3660.58,-5.35,3816.67,-0.19
818,RW,1,1,9,3267.31,[201.01, 201.01, 201.01],25.09,-353.9,613.69,259.79,3638.87,-7.43,3839.88,-0.5
819,RR,2,2,22,3270.87,[257.86, 128.93, 128.93],8.63,-408.18,564.44,156.26,3686.72,-0.96,3815.65,-1.21
820,RR,1,1,10,3274.96,[196.95, 196.95, 196.95],23.75,-347.59,688.2,340.61,3645.4,-0.9,3842.35,-0.38
821,RR,3,0,0,3284.23,[1225.93, 612.97, 33.71],16.35,16.35,279.04,279.04,,16.35,,50.06
822,RW,2,0,0,3284.51,[278.6, 139.3, 139.3],15.87,15.87,484.9,484.9,,15.87,,155.17
823,RR,1,1,11,3288.13,[198.72, 198.72, 198.72],24.92,-333.25,694.09,360.84,3645.25,-1.05,3843.97,-0.33
824,RR,3,0,0,3292.84,[1156.77, 578.39, 31.81],12.79,12.79,251.81,251.81,,148.67,,180.48
825,RR,1,1,12,3302.78,[190.6, 190.6, 190.6],21.03,-408.99,669.63,260.64,3732.33,-0.47,3922.93,-4.01
826,RR,2,0,0,3305.08,[302.32, 151.16, 151.16],22.13,22.13,512.72,512.72,,136.43,,287.59
827,RW,1,1,14,3307.26,[196.1, 196.1, 196.1],13.05,-349.37,611.06,261.69,3668.9,-0.78,3865.0,-21.29
828,RR,2,2,24,3311.98,[294.61, 147.31, 147.31],22.2,-378.41,568.97,190.56,3709.71,-2.88,3857.02,-2.5
829,RR,1,1,13,3312.57,[218.51, 218.51, 218.51],13.09,-427.26,680.41,253.15,3750.63,-2.29,3969.14,-6.02
830,RR,3,0,0,3317.0,[1300.63, 650.31, 35.77],29.2,29.2,279.26,279.26,,124.51,,160.28
831,RW,2,2,25,3321.86,[312.86, 156.43, 156.43],17.69,-345.12,529.51,184.39,3681.12,-3.55,3837.55,-2.83
832,RR,1,1,15,3332.87,[212.04, 212.04, 212.04],20.56,-379.37,633.16,253.79,3732.17,-0.63,3944.21,-6.71
833,RR,3,0,0,3332.91,[1247.03, 623.51, 34.29],28.68,28.68,299.3,299.3,,108.6,,142.89
834,RR,1,1,16,3334.44,[227.19, 227.19, 227.19],9.07,-281.14,631.92,350.78,3620.36,-4.29,3847.55,-5.79
835,RW,2,0,0,3340.13,[255.84, 127.92, 127.92],12.05,12.05,493.83,493.83,,101.38,,229.3
836,RR,1,1,17,3344.69,[185.85, 185.85, 185.85],18.63,-296.94,617.3,320.36,3649.97,-10.29,3835.82,-4.56
837,RR,2,0,0,3348.09,[308.04, 154.02, 154.02],23.72,23.72,502.62,502.62,,93.42,,247.44
838,RR,1,1,3,3353.26,[187.48, 187.48, 187.48],18.88,-428.84,651.2,222.36,3800.56,-0.42,3988.04,-0.84
839,RR,3,0,0,3360.5,[1224.5, 612.25, 33.67],12.46,12.46,249.83,249.83,,81.01,,114.68
840,RW,1,1,18,3366.21,[205.64, 205.64, 205.64],6.9,-260.3,607.4,347.1,3630.38,-3.03,3836.02,-4.36
841,RR,2,2,23,3370.04,[315.55, 157.77, 157.77],16.64,-368.16,558.39,190.23,3754.58,-0.26,3912.35,-3.72
842,RR,3,0,0,3376.75,[1279.35, 639.68, 35.18],5.78,5.78,289.33,289.33,,64.76,,99.94
843,RR,1,1,1,3380.15,[184.55, 184.55, 184.55],27.33,-419.78,681.34,261.56,3825.96,-1.3,4010.51,-10.33
844,RW,2,2,27,3386.72,[301.91, 150.95, 150.95],5.84,-323.12,481.24,158.12,3714.89,-0.79,3865.84,-20.45
845,RR,1,1,19,3390.46,[186.3, 186.3, 186.3],21.86,-261.16,596.52,335.36,3673.35,-0.13,3859.65,-1.16
846,RR,2,2,22,3394.23,[264.8, 132.4, 132.4],5.63,-417.0,561.84,144.84,3815.65,-1.21,3948.05,-2.87
847,RR,1,1,2,3394.74,[216.1, 216.1, 216.1],28.2,-417.44,698.16,280.72,3839.02,-1.36,4055.12,-10.55
848,RW,3,0,0,3395.15,[1228.88, 614.44, 33.79],16.2,16.2,246.62,246.62,,46.36,,80.15
849,RR,1,1,20,3396.58,[211.54, 211.54, 211.54],11.4,-304.61,592.18,287.57,3708.59,-4.0,3920.13,-6.81
850,RR,2,2,26,3401.96,[286.26, 143.13, 143.13],23.05,-369.4,548.18,178.78,3794.14,-0.27,3937.27,-0.32
851,RR,3,0,0,3406.37,[1103.39, 551.7, 30.34],5.17,5.17,273.44,273.44,,35.14,,65.48
852,RR,1,1,4,3416.53,[212.5, 212.5, 212.5],6.93,-462.83,718.74,255.91,3874.27,-12.02,4086.77,14.36
853,RW,2,2,24,3432.35,[287.89, 143.95, 143.95],17.3,-409.87,586.71,176.84,3857.02,-2.5,4000.97,-4.68
854,RR,1,1,5,3436.04,[187.45, 187.45, 187.45],5.31,-373.3,647.85,274.55,3812.42,-2.23,3999.87,-5.78
855,RR,2,2,29,3437.9,[259.53, 129.77, 129.77],19.36,-295.66,507.72,212.06,3748.56,-4.36,3878.33,-7.96
856,RR,1,1,6,3441.55,[182.09, 182.09, 182.09],28.18,-357.53,696.52,338.99,3818.41,-8.85,4000.5,-5.15
857,RW,3,0,0,3445.75,[1112.22, 556.11, 30.59],12.2,12.2,255.2,255.2,,25.86,,56.45
858,RR,1,1,7,3449.36,[180.47, 180.47, 180.47],22.57,-381.41,584.47,203.06,3850.34,-3.0,4030.81,-10.27
859,RR,2,2,25,3458.03,[326.01, 163.01, 163.01],14.8,-367.55,545.78,178.23,3837.55,-2.83,4000.56,-5.09
860,RR,1,1,21,3458.03,[206.15, 206.15, 206.15],11.89,-154.73,577.79,423.06,3610.09,-14.56,3816.24,-0.62
861,RW,2,2,23,3461.29,[280.41, 140.2, 140.2],5.72,-449.06,591.99,142.93,3912.35,-3.72,4052.55,-13.12
862,RR,3,0,0,3472.96,[1240.95, 620.47, 34.13],16.98,16.98,266.93,266.93,,154.63,,188.76
863,RR,1,1,8,3474.53,[204.96, 204.96, 204.96],27.29,-384.47,666.79,282.32,3880.31,-5.98,4085.27,12.86
864,RR,2,2,27,3494.01,[316.74, 158.37, 158.37],22.52,-369.76,578.19,208.43,3865.84,-20.45,4024.21,-0.23
865,RR,1,1,9,3506.4,[204.55, 204.55, 204.55],18.97,-315.01,649.43,334.42,3839.88,-0.5,4044.43,-1.37
866,RW,3,0,0,3511.48,[1296.2, 648.1, 35.65],8.14,8.14,244.28,244.28,,116.11,,151.76
867,RR,1,1,3,3515.0,[216.72, 216.72, 216.72],27.81,-446.07,696.86,250.79,3988.04,-0.84,4204.76,132.35
868,RR,2,2,28,3525.26,[264.51, 132.26, 132.26],20.35,-271.25,483.67,212.42,3816.67,-0.19,3948.93,-1.99
869,RR,1,1,10,3525.92,[216.66, 216.66, 216.66],24.85,-291.96,609.37,317.41,3842.35,-0.38,4059.01,-6.66
870,RW,2,2,29,3526.81,[257.49, 128.75, 128.75],17.32,-342.16,497.99,155.83,3878.33,-7.96,4007.08,-13.76
871,RR,3,3,32,3528.39,[1273.57, 636.78, 35.02],12.81,-222.21,283.97,61.76,3761.61,-1.8,3796.63,-3.9
872,RR,1,1,1,3529.43,[185.51, 185.51, 185.51],24.84,-466.57,680.66,214.09,4010.51,-10.33,4196.02,123.61
873,RR,2,2,30,3532.47,[319.96, 159.98, 159.98],16.54,-348.41,508.6,160.19,3895.96,-1.46,4055.94,-9.73
874,RW,1,1,5,3537.6,[186.81, 186.81, 186.81],23.18,-444.87,703.49,258.62,3999.87,-5.78,4186.68,114.27
875,RR,3,3,31,3538.85,[1281.65, 640.83, 35.25],29.0,-232.68,281.0,48.32,3799.66,-0.87,3834.91,-5.47
876,RR,1,1,6,3540.52,[223.95, 223.95, 223.95],15.68,-449.45,704.96,255.51,4000.5,-5.15,4224.45,152.04
877,RR,2,2,26,3540.73,[316.22, 158.11, 158.11],16.75,-380.11,563.53,183.42,3937.27,-0.32,4095.38,22.97
878,RR,1,1,11,3545.72,[203.86, 203.86, 203.86],11.19,-287.39,668.93,381.54,3843.97,-0.33,4047.83,-1.57
879,RW,2,2,22,3546.08,[301.27, 150.64, 150.64],20.17,-384.67,558.57,173.9,3948.05,-2.87,4098.69,26.28
880,RR,1,1,12,3547.7,[193.96, 193.96, 193.96],8.83,-370.41,623.84,253.43,3922.93,-4.01,4116.89,44.48
881,RR,3,3,31,3557.87,[1286.66, 643.33, 35.38],15.11,-194.24,260.56,66.32,3764.28,-2.94,3799.66,-0.87
882,RR,2,2,28,3558.45,[269.89, 134.94, 134.94],29.49,-362.98,562.86,199.88,3948.93,-1.99,4083.87,11.46
883,RW,1,1,13,3562.74,[213.72, 213.72, 213.72],8.37,-404.05,668.09,264.04,3969.14,-6.02,4182.86,110.45
884,RR,3,0,0,3562.81,[1095.57, 547.78, 30.13],20.24,20.24,259.21,259.21,,64.78,,94.91
885,RR,1,1,2,3564.64,[201.51, 201.51, 201.51],21.41,-479.62,711.71,232.09,4055.12,-10.55,4256.63,184.22
886,RR,2,2,30,3566.89,[317.22, 158.61, 158.61],13.54,-162.43,592.21,429.78,3737.35,-5.51,3895.96,-1.46
887,RW,1,1,14,3574.24,[180.79, 180.79, 180.79],22.18,-289.87,613.03,323.16,3865.0,-21.29,4045.79,-0.01
888,RR,2,3,32,3584.01,[283.49, 141.74, 141.74],29.66,-391.98,551.48,159.5,4001.86,-3.79,4143.6,71.19
889,RR,1,1,15,3589.16,[192.39, 192.39, 192.39],21.93,-339.83,597.81,257.98,3944.21,-6.71,4136.6,64.19
890,RR,3,3,32,3591.27,[1056.83, 528.42, 29.06],17.17,-192.09,254.57,62.48,3796.63,-3.9,3825.69,-1.57
891,RR,2,3,32,3597.02,[285.07, 142.54, 142.54],9.37,-253.13,481.37,228.24,3859.32,-0.2,4001.86,-3.79
892,RW,1,1,16,3598.78,[227.92, 227.92, 227.92],6.98,-247.58,590.39,342.81,3847.55,-5.79,4075.47,3.06
893,RR,3,3,32,3605.3,[1222.81, 611.41, 33.63],26.58,-195.38,257.58,62.2,3825.69,-1.57,3859.32,-0.2
894,RR,1,1,7,3624.65,[225.06, 225.06, 225.06],12.46,-403.97,685.21,281.24,4030.81,-10.27,4255.87,183.46
895,RR,2,2,23,3627.83,[267.16, 133.58, 133.58],21.57,-416.27,565.05,148.78,4052.55,-13.12,4186.13,113.72
896,RW,1,1,17,3633.41,[220.21, 220.21, 220.21],13.73,-193.24,578.09,384.85,3835.82,-4.56,4056.03,-9.64
897,RR,2,2,24,3634.96,[263.31, 131.65, 131.65],19.25,-351.44,545.18,193.74,4000.97,-4.68,4132.62,60.21
898,RR,1,1,4,3646.3,[194.72, 194.72, 194.72],20.92,-405.19,687.3,282.11,4086.77,14.36,4281.49,209.08
899,RR,3,3,31,3648.63,[1213.32, 606.66, 33.37],8.42,-229.24,272.17,42.93,3866.69,-19.6,3900.06,-2.5
900,RW,1,1,8,3660.26,[196.78, 196.78, 196.78],17.17,-394.98,659.96,264.98,4085.27,12.86,4282.05,209.64
901,RR,2,2,25,3665.93,[297.06, 148.53, 148.53],23.85,-315.87,483.21,167.34,4000.56,-5.09,4149.09,76.68
902,RR,3,3,31,3666.08,[1155.76, 577.88, 31.78],13.6,-160.7,277.57,116.87,3834.91,-5.47,3866.69,-19.6
903,RR,1,1,9,3669.68,[183.35, 183.35, 183.35],8.66,-367.46,619.12,251.66,4044.43,-1.37,4227.78,155.37
904,RR,2,2,27,3673.48,[278.56, 139.28, 139.28],29.49,-321.47,506.1,184.63,4024.21,-0.23,4163.49,91.08
905,RW,1,1,10,3674.12,[203.29, 203.29, 203.29],23.57,-367.98,622.46,254.48,4059.01,-6.66,4262.3,189.89
906,RR,3,3,31,3678.63,[1300.74, 650.37, 35.77],17.48,-206.45,248.54,42.09,3900.06,-2.5,3935.83,-1.76
907,RR,1,1,11,3678.78,[199.55, 199.55, 199.55],25.7,-344.92,622.39,277.47,4047.83,-1.57,4247.38,174.97
908,RR,2,2,29,3684.67,[324.71, 162.35, 162.35],9.52,-326.65,526.78,200.13,4007.08,-13.76,4169.43,97.02
909,RW,1,1,12,3687.68,[209.17, 209.17, 209.17],20.95,-363.78,702.79,339.01,4116.89,44.48,4326.06,253.65
910,RR,2,3,31,3692.32,[267.81, 133.91, 133.91],15.75,-357.6,492.32,134.72,4061.43,-4.24,4195.34,122.93
911,RR,3,3,31,3695.63,[1049.1, 524.55, 28.85],25.23,-216.73,270.22,53.49,3935.83,-1.76,3964.68,-0.71
912,RR,1,1,1,3697.72,[186.61, 186.61, 186.61],14.68,-360.01,692.48,332.47,4196.02,123.61,4382.63,310.22
913,RR,2,2,22,3697.79,[315.42, 157.71, 157.71],26.04,-348.58,581.59,233.01,4098.69,26.28,4256.4,183.99
914,RW,1,1,14,3701.58,[207.98, 207.98, 207.98],29.39,-314.83,612.2,297.37,4045.79,-0.01,4253.77,181.36
915,RR,3,0,0,3703.88,[1253.12, 626.56, 34.46],17.16,17.16,242.3,242.3,,60.4,,94.86
916,RR,1,1,15,3705.07,[181.41, 181.41, 181.41],15.42,-351.92,631.05,279.13,4136.6,64.19,4318.01,245.6
917,RR,2,2,24,3712.59,[299.78, 149.89, 149.89],10.38,-349.44,576.01,226.57,4132.62,60.21,4282.51,210.1
918,RW,1,1,16,3714.12,[201.59, 201.59, 201.59],17.69,-340.6,624.72,284.12,4075.47,3.06,4277.06,204.65
919,RR,2,2,30,3715.68,[314.88, 157.44, 157.44],9.69,-340.3,515.31,175.01,4055.94,-9.73,4213.38,140.97
920,RR,1,1,17,3718.79,[206.04, 206.04, 206.04],9.76,-337.12,642.75,305.63,4056.03,-9.64,4262.07,189.66
921,RR,3,3,31,3725.33,[1151.34, 575.67, 31.66],14.18,-266.14,293.99,27.85,3999.57,-6.08,4031.23,-9.85
922,RW,2,2,25,3732.8,[275.95, 137.98, 137.98],9.98,-329.63,563.52,233.89,4149.09,76.68,4287.07,214.66
923,RR,1,1,18,3733.06,[224.36, 224.36, 224.36],22.75,-84.57,626.72,542.15,3836.02,-4.36,4060.38,-5.29
924,RR,3,3,31,3742.86,[1098.31, 549.16, 30.2],25.52,-272.7,293.06,20.36,4031.23,-9.85,4061.43,-4.24
925,RR,1,1,3,3747.15,[212.39, 212.39, 212.39],19.2,-306.06,711.49,405.43,4204.76,132.35,4417.15,344.74
926,RR,2,2,26,3752.92,[298.58, 149.29, 149.29],6.34,-313.15,582.2,269.05,4095.38,22.97,4244.67,172.26
927,RW,1,1,5,3754.84,[198.27, 198.27, 198.27],23.44,-294.13,677.58,383.45,4186.68,114.27,4384.95,312.54
928,RR,2,2,28,3757.57,[279.98, 139.99, 139.99],22.53,-292.31,512.61,220.3,4083.87,11.46,4223.86,151.45
929,RR,1,1,2,3758.56,[178.7, 178.7, 178.7],24.87,-288.98,694.28,405.3,4256.63,184.22,4435.33,362.92
930,RR,3,0,0,3763.41,[1031.31, 515.65, 28.36],9.57,9.57,280.51,280.51,,33.22,,61.58
931,RW,2,2,27,3767.22,[276.51, 138.26, 138.26],20.98,-284.21,554.19,269.98,4163.49,91.08,4301.75,229.34
932,RR,1,1,13,3779.09,[184.74, 184.74, 184.74],7.52,-285.8,597.76,311.96,4182.86,110.45,4367.6,295.19
933,RR,3,3,31,3779.39,[1268.9, 634.45, 34.89],15.12,-170.88,295.16,124.28,3964.68,-0.71,3999.57,-6.08
934,RR,1,1,18,3781.75,[225.98, 225.98, 225.98],26.07,-257.85,656.85,399.0,4060.38,-5.29,4286.36,213.95
935,RW,2,2,29,3783.85,[318.2, 159.1, 159.1],8.56,-280.0,557.58,277.58,4169.43,97.02,4328.53,256.12
936,RR,1,1,6,3789.06,[180.84, 180.84, 180.84],24.08,-259.27,624.03,364.76,4224.45,152.04,4405.29,332.88
937,RR,2,2,23,3789.65,[324.65, 162.32, 162.32],28.49,-254.27,585.61,331.34,4186.13,113.72,4348.45,276.04
938,RR,1,1,19,3790.14,[212.3, 212.3, 212.3],23.01,-47.66,597.35,549.69,3859.65,-1.16,4071.95,-0.27
939,RR,3,0,0,3792.79,[1191.03, 595.51, 32.75],14.7,14.7,288.99,288.99,,14.7,,47.45
940,RW,1,1,19,3794.41,[208.88, 208.88, 208.88],5.22,-272.59,588.81,316.22,4071.95,-0.27,4280.83,208.42
941,RR,2,3,32,3800.53,[267.93, 133.97, 133.97],18.84,-253.04,517.61,264.57,4174.81,102.4,4308.78,236.37
942,RR,3,0,0,3800.54,[1290.96, 645.48, 35.5],29.36,29.36,244.15,244.15,,34.37,,69.87
943,RR,1,1,4,3800.98,[213.05, 213.05, 213.05],26.62,-244.81,715.03,470.22,4281.49,233.31,4494.54,446.36
944,RW,2,3,31,3806.6,[322.54, 161.27, 161.27],26.0,-239.81,552.47,312.66,4195.34,122.93,4356.61,284.2
945,RR,1,1,7,3814.65,[195.65, 195.65, 195.65],19.42,-238.34,705.74,467.4,4255.87,183.46,4451.52,379.11
946,RR,2,0,0,3816.86,[293.03, 146.51, 146.51],18.34,18.34,509.02,509.02,,18.34,,164.85
947,RR,1,1,8,3827.26,[214.17, 214.17, 214.17],23.04,-222.11,682.73,460.62,4282.05,233.31,4496.22,447.48
948,RW,3,0,0,3840.38,[1320.81, 660.4, 36.32],18.81,18.81,253.5,253.5,,26.31,,62.63
949,RR,1,1,9,3842.15,[199.12, 199.12, 199.12],22.59,-207.67,635.61,427.94,4227.78,155.37,4426.9,354.49
950,RR,2,0,0,3842.73,[279.86, 139.93, 139.93],8.61,8.61,502.93,502.93,,23.96,,163.89
951,RR,3,0,0,3844.3,[1309.32, 654.66, 36.01],28.91,28.91,285.74,285.74,,28.91,,64.92
952,RR,1,1,10,3847.27,[204.95, 204.95, 204.95],13.72,-211.42,718.13,506.71,4262.3,189.89,4467.25,394.84
953,RW,2,0,0,3853.34,[287.09, 143.54, 143.54],12.75,12.75,496.91,496.91,,13.35,,156.89
954,RR,1,1,11,3853.75,[207.67, 207.67, 207.67],21.87,-196.79,706.66,509.87,4247.38,174.97,4455.05,382.64
955,RR,2,2,28,3854.52,[318.35, 159.17, 159.17],29.75,-188.14,532.69,344.55,4223.86,151.45,4383.03,310.62
956,RR,1,1,12,3855.62,[212.25, 212.25, 212.25],16.43,-200.36,709.45,509.09,4326.06,253.65,4538.31,465.9
957,RW,3,0,0,3856.54,[1078.01, 539.01, 29.65],15.03,15.03,253.53,253.53,,15.03,,44.68
958,RR,1,1,14,3859.52,[196.82, 196.82, 196.82],9.3,-203.59,682.63,479.04,4253.77,181.36,4450.59,378.18
959,RR,2,2,22,3860.81,[265.66, 132.83, 132.83],7.78,-203.82,594.34,390.52,4256.4,183.99,4389.23,316.82
960,RR,1,1,15,3886.29,[193.27, 193.27, 193.27],11.27,-174.85,674.11,499.26,4318.01,245.6,4511.28,438.87
961,RW,2,2,26,3887.53,[293.2, 146.6, 146.6],22.2,-162.68,529.78,367.1,4244.67,172.26,4391.27,318.86
962,RR,3,3,32,3888.09,[1135.02, 567.51, 31.21],9.34,-174.98,289.68,114.7,4143.6,71.19,4174.81,102.4
963,RR,1,1,13,3897.42,[226.09, 226.09, 226.09],12.7,-162.29,705.28,542.99,4367.6,295.19,4593.69,521.28
964,RR,2,2,24,3902.56,[322.97, 161.49, 161.49],26.94,-142.91,584.67,441.76,4282.51,210.1,4444.0,371.59
965,RR,1,1,1,3905.51,[178.84, 178.84, 178.84],12.26,-154.64,679.29,524.65,4382.63,334.46,4561.47,513.3
966,RW,3,0,0,3906.33,[1317.67, 658.84, 36.24],24.31,24.31,273.59,273.59,,29.5,,65.74
967,RR,1,1,16,3907.39,[182.94, 182.94, 182.94],29.29,-135.73,587.7,451.97,4277.06,204.65,4460.0,387.59
968,RR,2,2,25,3907.88,[298.78, 149.39, 149.39],27.15,-137.38,572.91,435.53,4287.07,214.66,4436.46,364.05
969,RR,1,1,17,3916.07,[217.98, 217.98, 217.98],19.34,-137.0,643.89,506.89,4262.07,189.66,4480.05,407.64
970,RW,2,2,27,3917.52,[321.87, 160.93, 160.93],28.42,-126.47,549.17,422.7,4301.75,229.34,4462.68,390.27
971,RR,3,0,0,3926.94,[1214.88, 607.44, 33.41],29.62,29.62,299.08,299.08,,29.62,,63.03
972,RR,1,1,3,3927.41,[180.14, 180.14, 180.14],14.02,-130.98,686.8,555.82,4417.15,343.2,4597.29,523.34
973,RR,2,2,30,3930.16,[295.82, 147.91, 147.91],20.19,-122.06,518.9,396.84,4213.38,140.97,4361.29,288.88
974,RW,1,1,5,3930.58,[195.79, 195.79, 195.79],19.55,-122.28,691.69,569.41,4384.95,325.12,4580.74,520.91
975,RR,3,0,0,3932.02,[1033.02, 516.51, 28.41],22.1,22.1,263.08,263.08,,22.1,,50.51
976,RR,1,1,18,3937.59,[224.47, 224.47, 224.47],6.5,-128.32,588.48,460.16,4286.36,213.95,4510.83,438.42
977,RR,2,2,23,3941.61,[294.13, 147.07, 147.07],24.04,-106.76,554.35,447.59,4348.45,276.04,4495.52,423.11
978,RR,1,1,19,3950.92,[186.79, 186.79, 186.79],27.48,-94.01,579.04,485.03,4280.83,208.42,4467.62,395.21
979,RW,2,2,29,3951.29,[311.66, 155.83, 155.83],10.14,-110.98,556.17,445.19,4328.53,256.12,4484.36,411.95
980,RR,1,1,20,3955.09,[202.62, 202.62, 202.62],6.41,-3.89,622.94,619.05,3961.5,-3.89,4164.12,91.71
981,RR,3,0,0,3965.39,[1263.1, 631.55, 34.74],28.08,28.08,281.87,281.87,,34.18,,68.92
982,RR,2,2,30,3975.16,[267.73, 133.87, 133.87],15.84,-81.41,536.26,454.85,4361.29,288.88,4495.16,422.75
983,RW,1,1,20,3977.99,[178.35, 178.35, 178.35],22.64,-71.78,591.28,519.5,4164.12,91.71,4342.47,270.06
984,RR,3,0,0,3978.54,[1083.82, 541.91, 29.8],14.57,14.57,256.08,256.08,,21.03,,50.83
985,RR,1,1,6,3984.26,[219.05, 219.05, 219.05],26.2,-61.95,662.96,601.01,4405.29,362.89,4624.34,581.94
986,RR,2,2,22,3988.88,[273.81, 136.91, 136.91],15.54,-67.99,598.14,530.15,4389.23,316.82,4526.14,453.73
987,RW,1,1,20,3993.83,[226.6, 226.6, 226.6],29.06,-49.52,617.72,568.2,4342.47,270.06,4569.07,496.66
988,RR,2,3,32,3994.72,[300.55, 150.28, 150.28],9.51,-68.18,536.27,468.09,4308.78,236.37,4459.06,386.65
989,RR,1,1,2,4005.65,[209.21, 209.21, 209.21],8.43,-58.33,677.84,619.51,4435.33,395.07,4644.54,604.28
990,RR,3,0,0,4020.84,[1129.3, 564.65, 31.06],26.95,26.95,250.79,250.79,,26.95,,58.01
991,RR,2,0,0,4021.2,[307.33, 153.67, 153.67],26.44,26.44,486.95,486.95,,26.44,,180.11
992,RW,1,1,21,4024.44,[210.2, 210.2, 210.2],26.33,-14.9,596.23,581.33,4050.77,-14.9,4260.97,188.56
993,RR,3,0,0,4027.51,[1297.57, 648.79, 35.68],13.66,13.66,283.84,283.84,,13.66,,49.34
994,RR,1,1,9,4041.08,[201.69, 201.69, 201.69],28.51,-2.82,597.58,594.76,4426.9,366.22,4628.59,567.91
995,RR,2,2,24,4045.8,[262.58, 131.29, 131.29],10.86,-15.75,550.35,534.6,4444.0,371.59,4575.29,502.88
996,RW,1,1,4,4049.4,[205.38, 205.38, 205.38],23.12,0.11,693.31,693.42,4494.54,233.31,4699.92,438.69
997,RR,2,2,25,4065.67,[311.81, 155.91, 155.91],23.01,16.27,562.83,579.1,4436.46,364.05,4592.37,519.96
998,RR,1,1,7,4071.36,[213.76, 213.76, 213.76],29.06,28.01,607.45,635.46,4451.52,394.31,4665.28,608.07
999,RR,3,0,0,4072.22,[1109.84, 554.92, 30.52],20.86,20.86,266.13,266.13,,123.12,,153.64
1000,RW,1,1,10,4072.41,[210.85, 210.85, 210.85],22.46,22.46,618.38,618.38,4467.25,189.89,4678.1,400.74
